year,province_code,nuts3_code,harmonised_name,marriages_civil,marriages_religious
2004,IT_001,ITC11,Torino,3536,4757
2004,IT_002,ITC12,Vercelli,243,326
2004,IT_003,ITC15,Novara,582,861
2004,IT_004,ITC16,Cuneo,746,1550
2004,IT_005,ITC17,Asti,380,505
2004,IT_006,ITC18,Alessandria,700,875
2004,IT_007,ITC20,Valle dAosta,218,260
2004,IT_008,ITC31,Imperia,372,397
2004,IT_009,ITC32,Savona,514,596
2004,IT_010,ITC33,Genova,1753,1788
2004,IT_011,ITC34,La Spezia,408,457
2004,IT_012,ITC41,Varese,1194,2006
2004,IT_013,ITC42,Como,757,1495
2004,IT_014,ITC44,Sondrio,198,551
2004,IT_015,ITC4C,Milano,4833,5392
2004,IT_016,ITC46,Bergamo,1360,2669
2004,IT_017,ITC47,Brescia,1615,2939
2004,IT_018,ITC48,Pavia,788,1096
2004,IT_019,ITC4A,Cremona,452,800
2004,IT_020,ITC4B,Mantova,537,829
2004,IT_021,ITH10,Bolzano,1080,775
2004,IT_022,ITH20,Trento,730,1093
2004,IT_023,ITH31,Verona,1455,2274
2004,IT_024,ITH32,Vicenza,1013,2079
2004,IT_025,ITH33,Belluno,249,428
2004,IT_026,ITH34,Treviso,1107,2185
2004,IT_027,ITH35,Venezia,1901,1986
2004,IT_028,ITH36,Padova,1181,2323
2004,IT_029,ITH37,Rovigo,314,533
2004,IT_030,ITH42,Udine,875,912
2004,IT_031,ITH43,Gorizia,300,210
2004,IT_032,ITH44,Trieste,515,377
2004,IT_033,ITH51,Piacenza,406,679
2004,IT_034,ITH52,Parma,642,839
2004,IT_035,ITH53,Reggio nellEmilia,649,898
2004,IT_036,ITH54,Modena,951,1277
2004,IT_037,ITH55,Bologna,1559,1546
2004,IT_038,ITH56,Ferrara,527,595
2004,IT_039,ITH57,Ravenna,628,642
2004,IT_040,ITH58,ForliCesena,472,701
2004,IT_041,ITI31,Pesaro e Urbino,479,881
2004,IT_042,ITI32,Ancona,554,1188
2004,IT_043,ITI33,Macerata,341,894
2004,IT_044,ITI34,Ascoli Piceno,173,619
2004,IT_045,ITI11,MassaCarrara,309,468
2004,IT_046,ITI12,Lucca,613,933
2004,IT_047,ITI13,Pistoia,485,694
2004,IT_048,ITI14,Firenze,1973,2072
2004,IT_049,ITI16,Livorno,660,630
2004,IT_050,ITI17,Pisa,617,1007
2004,IT_051,ITI18,Arezzo,474,841
2004,IT_052,ITI19,Siena,637,648
2004,IT_053,ITI1A,Grosseto,407,474
2004,IT_054,ITI21,Perugia,904,1967
2004,IT_055,ITI22,Terni,265,636
2004,IT_056,ITI41,Viterbo,485,991
2004,IT_057,ITI42,Rieti,177,526
2004,IT_058,ITI43,Roma,6620,10427
2004,IT_059,ITI44,Latina,608,1575
2004,IT_060,ITI45,Frosinone,361,1725
2004,IT_061,ITF31,Caserta,690,3937
2004,IT_062,ITF32,Benevento,184,1128
2004,IT_063,ITF33,Napoli,4418,14502
2004,IT_064,ITF34,Avellino,270,1697
2004,IT_065,ITF35,Salerno,1024,4528
2004,IT_066,ITF11,LAquila,267,795
2004,IT_067,ITF12,Teramo,306,987
2004,IT_068,ITF13,Pescara,322,892
2004,IT_069,ITF14,Chieti,315,1243
2004,IT_070,ITF22,Campobasso,196,814
2004,IT_071,ITF46,Foggia,448,2795
2004,IT_072,ITF47,Bari,919,4422
2004,IT_073,ITF43,Taranto,471,2459
2004,IT_074,ITF44,Brindisi,354,1489
2004,IT_075,ITF45,Lecce,597,3140
2004,IT_076,ITF51,Potenza,199,1399
2004,IT_077,ITF52,Matera,111,881
2004,IT_078,ITF61,Cosenza,491,2974
2004,IT_079,ITF63,Catanzaro,278,1221
2004,IT_080,ITF65,Reggio di Calabria,365,2235
2004,IT_081,ITG11,Trapani,226,1920
2004,IT_082,ITG12,Palermo,1290,5174
2004,IT_083,ITG13,Messina,1254,1896
2004,IT_084,ITG14,Agrigento,311,1925
2004,IT_085,ITG15,Caltanissetta,239,1266
2004,IT_086,ITG16,Enna,168,707
2004,IT_087,ITG17,Catania,1414,4003
2004,IT_088,ITG18,Ragusa,259,1262
2004,IT_089,ITG19,Siracusa,498,1399
2004,IT_090,ITG2D,Sassari,662,1421
2004,IT_091,ITG2E,Nuoro,207,707
2004,IT_092,ITG2F,Cagliari,666,1189
2004,IT_093,ITH41,Pordenone,611,672
2004,IT_094,ITF21,Isernia,73,286
2004,IT_095,ITG2G,Oristano,211,441
2004,IT_096,ITC13,Biella,277,372
2004,IT_097,ITC43,Lecco,415,914
2004,IT_098,ITC49,Lodi,303,454
2004,IT_099,ITH59,Rimini,483,647
2004,IT_100,ITI15,Prato,356,513
2004,IT_101,ITF62,Crotone,122,911
2004,IT_102,ITF64,Vibo Valentia,109,777
2004,IT_103,ITC14,VerbanoCusioOssola,308,428
2004,IT_108,ITC4D,Monza e della Brianza,1068,2011
2004,IT_109,ITI35,Fermo,145,464
2004,IT_110,ITF48,BarlettaAndriaTrani,167,1567
2004,IT_111,ITG2H,Sud Sardegna,383,1076
2005,IT_001,ITC11,Torino,3572,4631
2005,IT_002,ITC12,Vercelli,282,315
2005,IT_003,ITC15,Novara,597,781
2005,IT_004,ITC16,Cuneo,723,1530
2005,IT_005,ITC17,Asti,355,494
2005,IT_006,ITC18,Alessandria,751,834
2005,IT_007,ITC20,Valle dAosta,203,218
2005,IT_008,ITC31,Imperia,414,389
2005,IT_009,ITC32,Savona,513,586
2005,IT_010,ITC33,Genova,1785,1798
2005,IT_011,ITC34,La Spezia,435,508
2005,IT_012,ITC41,Varese,1199,1932
2005,IT_013,ITC42,Como,892,1449
2005,IT_014,ITC44,Sondrio,187,484
2005,IT_015,ITC4C,Milano,5132,5382
2005,IT_016,ITC46,Bergamo,1424,2466
2005,IT_017,ITC47,Brescia,1690,2801
2005,IT_018,ITC48,Pavia,836,1080
2005,IT_019,ITC4A,Cremona,528,755
2005,IT_020,ITC4B,Mantova,585,791
2005,IT_021,ITH10,Bolzano,1069,769
2005,IT_022,ITH20,Trento,768,1036
2005,IT_023,ITH31,Verona,1588,2160
2005,IT_024,ITH32,Vicenza,1074,1999
2005,IT_025,ITH33,Belluno,318,395
2005,IT_026,ITH34,Treviso,1204,2047
2005,IT_027,ITH35,Venezia,2148,1890
2005,IT_028,ITH36,Padova,1245,2302
2005,IT_029,ITH37,Rovigo,337,526
2005,IT_030,ITH42,Udine,848,969
2005,IT_031,ITH43,Gorizia,268,237
2005,IT_032,ITH44,Trieste,565,388
2005,IT_033,ITH51,Piacenza,477,703
2005,IT_034,ITH52,Parma,613,790
2005,IT_035,ITH53,Reggio nellEmilia,762,946
2005,IT_036,ITH54,Modena,1004,1188
2005,IT_037,ITH55,Bologna,1611,1468
2005,IT_038,ITH56,Ferrara,563,502
2005,IT_039,ITH57,Ravenna,668,633
2005,IT_040,ITH58,ForliCesena,542,748
2005,IT_041,ITI31,Pesaro e Urbino,487,845
2005,IT_042,ITI32,Ancona,585,1145
2005,IT_043,ITI33,Macerata,336,977
2005,IT_044,ITI34,Ascoli Piceno,183,606
2005,IT_045,ITI11,MassaCarrara,329,426
2005,IT_046,ITI12,Lucca,658,898
2005,IT_047,ITI13,Pistoia,443,659
2005,IT_048,ITI14,Firenze,1957,2078
2005,IT_049,ITI16,Livorno,671,521
2005,IT_050,ITI17,Pisa,642,971
2005,IT_051,ITI18,Arezzo,543,858
2005,IT_052,ITI19,Siena,762,616
2005,IT_053,ITI1A,Grosseto,434,421
2005,IT_054,ITI21,Perugia,922,1957
2005,IT_055,ITI22,Terni,312,624
2005,IT_056,ITI41,Viterbo,444,885
2005,IT_057,ITI42,Rieti,197,466
2005,IT_058,ITI43,Roma,6858,10266
2005,IT_059,ITI44,Latina,593,1646
2005,IT_060,ITI45,Frosinone,433,1593
2005,IT_061,ITF31,Caserta,674,3724
2005,IT_062,ITF32,Benevento,185,1094
2005,IT_063,ITF33,Napoli,4208,14169
2005,IT_064,ITF34,Avellino,292,1568
2005,IT_065,ITF35,Salerno,958,4510
2005,IT_066,ITF11,LAquila,277,888
2005,IT_067,ITF12,Teramo,315,921
2005,IT_068,ITF13,Pescara,336,998
2005,IT_069,ITF14,Chieti,361,1239
2005,IT_070,ITF22,Campobasso,219,796
2005,IT_071,ITF46,Foggia,486,2582
2005,IT_072,ITF47,Bari,1008,4699
2005,IT_073,ITF43,Taranto,499,2475
2005,IT_074,ITF44,Brindisi,309,1527
2005,IT_075,ITF45,Lecce,611,3126
2005,IT_076,ITF51,Potenza,190,1422
2005,IT_077,ITF52,Matera,109,851
2005,IT_078,ITF61,Cosenza,430,2885
2005,IT_079,ITF63,Catanzaro,244,1253
2005,IT_080,ITF65,Reggio di Calabria,355,2307
2005,IT_081,ITG11,Trapani,258,1877
2005,IT_082,ITG12,Palermo,1264,4967
2005,IT_083,ITG13,Messina,689,2290
2005,IT_084,ITG14,Agrigento,309,1869
2005,IT_085,ITG15,Caltanissetta,248,1122
2005,IT_086,ITG16,Enna,151,649
2005,IT_087,ITG17,Catania,1365,3920
2005,IT_088,ITG18,Ragusa,267,1161
2005,IT_089,ITG19,Siracusa,480,1437
2005,IT_090,ITG2D,Sassari,659,1348
2005,IT_091,ITG2E,Nuoro,209,672
2005,IT_092,ITG2F,Cagliari,668,1063
2005,IT_093,ITH41,Pordenone,579,646
2005,IT_094,ITF21,Isernia,61,285
2005,IT_095,ITG2G,Oristano,190,445
2005,IT_096,ITC13,Biella,260,372
2005,IT_097,ITC43,Lecco,443,976
2005,IT_098,ITC49,Lodi,312,446
2005,IT_099,ITH59,Rimini,529,666
2005,IT_100,ITI15,Prato,376,504
2005,IT_101,ITF62,Crotone,110,844
2005,IT_102,ITF64,Vibo Valentia,88,754
2005,IT_103,ITC14,VerbanoCusioOssola,289,394
2005,IT_108,ITC4D,Monza e della Brianza,1179,1904
2005,IT_109,ITI35,Fermo,127,487
2005,IT_110,ITF48,BarlettaAndriaTrani,201,1860
2005,IT_111,ITG2H,Sud Sardegna,368,1061
2006,IT_001,ITC11,Torino,3631,4474
2006,IT_002,ITC12,Vercelli,267,301
2006,IT_003,ITC15,Novara,667,764
2006,IT_004,ITC16,Cuneo,762,1433
2006,IT_005,ITC17,Asti,355,511
2006,IT_006,ITC18,Alessandria,760,893
2006,IT_007,ITC20,Valle dAosta,223,247
2006,IT_008,ITC31,Imperia,428,385
2006,IT_009,ITC32,Savona,633,611
2006,IT_010,ITC33,Genova,1771,1747
2006,IT_011,ITC34,La Spezia,475,521
2006,IT_012,ITC41,Varese,1268,1889
2006,IT_013,ITC42,Como,909,1385
2006,IT_014,ITC44,Sondrio,220,490
2006,IT_015,ITC4C,Milano,5307,5071
2006,IT_016,ITC46,Bergamo,1519,2359
2006,IT_017,ITC47,Brescia,1878,2637
2006,IT_018,ITC48,Pavia,906,1013
2006,IT_019,ITC4A,Cremona,534,745
2006,IT_020,ITC4B,Mantova,560,780
2006,IT_021,ITH10,Bolzano,1136,773
2006,IT_022,ITH20,Trento,804,1037
2006,IT_023,ITH31,Verona,1815,2095
2006,IT_024,ITH32,Vicenza,1089,1985
2006,IT_025,ITH33,Belluno,295,404
2006,IT_026,ITH34,Treviso,1095,1966
2006,IT_027,ITH35,Venezia,1937,1828
2006,IT_028,ITH36,Padova,1212,2254
2006,IT_029,ITH37,Rovigo,319,478
2006,IT_030,ITH42,Udine,857,884
2006,IT_031,ITH43,Gorizia,267,251
2006,IT_032,ITH44,Trieste,510,350
2006,IT_033,ITH51,Piacenza,482,693
2006,IT_034,ITH52,Parma,697,789
2006,IT_035,ITH53,Reggio nellEmilia,720,890
2006,IT_036,ITH54,Modena,1035,1257
2006,IT_037,ITH55,Bologna,1703,1445
2006,IT_038,ITH56,Ferrara,608,546
2006,IT_039,ITH57,Ravenna,672,622
2006,IT_040,ITH58,ForliCesena,552,706
2006,IT_041,ITI31,Pesaro e Urbino,461,804
2006,IT_042,ITI32,Ancona,666,1281
2006,IT_043,ITI33,Macerata,358,987
2006,IT_044,ITI34,Ascoli Piceno,181,668
2006,IT_045,ITI11,MassaCarrara,285,409
2006,IT_046,ITI12,Lucca,707,901
2006,IT_047,ITI13,Pistoia,447,612
2006,IT_048,ITI14,Firenze,2039,1993
2006,IT_049,ITI16,Livorno,680,565
2006,IT_050,ITI17,Pisa,621,937
2006,IT_051,ITI18,Arezzo,478,815
2006,IT_052,ITI19,Siena,771,637
2006,IT_053,ITI1A,Grosseto,449,449
2006,IT_054,ITI21,Perugia,902,1887
2006,IT_055,ITI22,Terni,356,628
2006,IT_056,ITI41,Viterbo,490,983
2006,IT_057,ITI42,Rieti,197,422
2006,IT_058,ITI43,Roma,7024,9788
2006,IT_059,ITI44,Latina,631,1680
2006,IT_060,ITI45,Frosinone,441,1654
2006,IT_061,ITF31,Caserta,661,3589
2006,IT_062,ITF32,Benevento,186,1119
2006,IT_063,ITF33,Napoli,4348,13740
2006,IT_064,ITF34,Avellino,299,1540
2006,IT_065,ITF35,Salerno,1208,4635
2006,IT_066,ITF11,LAquila,283,867
2006,IT_067,ITF12,Teramo,335,919
2006,IT_068,ITF13,Pescara,357,918
2006,IT_069,ITF14,Chieti,439,1158
2006,IT_070,ITF22,Campobasso,194,746
2006,IT_071,ITF46,Foggia,476,2593
2006,IT_072,ITF47,Bari,915,4571
2006,IT_073,ITF43,Taranto,447,2317
2006,IT_074,ITF44,Brindisi,264,1287
2006,IT_075,ITF45,Lecce,596,2938
2006,IT_076,ITF51,Potenza,226,1456
2006,IT_077,ITF52,Matera,113,908
2006,IT_078,ITF61,Cosenza,500,2912
2006,IT_079,ITF63,Catanzaro,247,1164
2006,IT_080,ITF65,Reggio di Calabria,326,2317
2006,IT_081,ITG11,Trapani,238,1751
2006,IT_082,ITG12,Palermo,1370,5002
2006,IT_083,ITG13,Messina,671,2348
2006,IT_084,ITG14,Agrigento,267,1770
2006,IT_085,ITG15,Caltanissetta,227,1164
2006,IT_086,ITG16,Enna,136,672
2006,IT_087,ITG17,Catania,1353,3770
2006,IT_088,ITG18,Ragusa,303,1240
2006,IT_089,ITG19,Siracusa,534,1303
2006,IT_090,ITG2D,Sassari,732,1410
2006,IT_091,ITG2E,Nuoro,246,649
2006,IT_092,ITG2F,Cagliari,646,1046
2006,IT_093,ITH41,Pordenone,563,625
2006,IT_094,ITF21,Isernia,63,273
2006,IT_095,ITG2G,Oristano,220,425
2006,IT_096,ITC13,Biella,321,336
2006,IT_097,ITC43,Lecco,450,884
2006,IT_098,ITC49,Lodi,305,433
2006,IT_099,ITH59,Rimini,529,649
2006,IT_100,ITI15,Prato,390,523
2006,IT_101,ITF62,Crotone,137,806
2006,IT_102,ITF64,Vibo Valentia,90,728
2006,IT_103,ITC14,VerbanoCusioOssola,315,428
2006,IT_108,ITC4D,Monza e della Brianza,1236,1834
2006,IT_109,ITI35,Fermo,157,455
2006,IT_110,ITF48,BarlettaAndriaTrani,226,1543
2006,IT_111,ITG2H,Sud Sardegna,421,994
2007,IT_001,ITC11,Torino,3629,4435
2007,IT_002,ITC12,Vercelli,296,362
2007,IT_003,ITC15,Novara,708,792
2007,IT_004,ITC16,Cuneo,766,1461
2007,IT_005,ITC17,Asti,377,495
2007,IT_006,ITC18,Alessandria,806,833
2007,IT_007,ITC20,Valle dAosta,223,274
2007,IT_008,ITC31,Imperia,423,421
2007,IT_009,ITC32,Savona,571,521
2007,IT_010,ITC33,Genova,1855,1746
2007,IT_011,ITC34,La Spezia,444,440
2007,IT_012,ITC41,Varese,1381,1803
2007,IT_013,ITC42,Como,946,1338
2007,IT_014,ITC44,Sondrio,235,499
2007,IT_015,ITC4C,Milano,5658,5027
2007,IT_016,ITC46,Bergamo,1637,2475
2007,IT_017,ITC47,Brescia,1926,2677
2007,IT_018,ITC48,Pavia,944,1022
2007,IT_019,ITC4A,Cremona,574,799
2007,IT_020,ITC4B,Mantova,674,744
2007,IT_021,ITH10,Bolzano,1065,723
2007,IT_022,ITH20,Trento,893,1001
2007,IT_023,ITH31,Verona,1875,2141
2007,IT_024,ITH32,Vicenza,1099,1953
2007,IT_025,ITH33,Belluno,273,376
2007,IT_026,ITH34,Treviso,1214,1981
2007,IT_027,ITH35,Venezia,2013,1790
2007,IT_028,ITH36,Padova,1277,2256
2007,IT_029,ITH37,Rovigo,329,475
2007,IT_030,ITH42,Udine,883,963
2007,IT_031,ITH43,Gorizia,287,250
2007,IT_032,ITH44,Trieste,478,341
2007,IT_033,ITH51,Piacenza,460,651
2007,IT_034,ITH52,Parma,729,779
2007,IT_035,ITH53,Reggio nellEmilia,874,859
2007,IT_036,ITH54,Modena,1142,1206
2007,IT_037,ITH55,Bologna,1860,1474
2007,IT_038,ITH56,Ferrara,662,557
2007,IT_039,ITH57,Ravenna,686,649
2007,IT_040,ITH58,ForliCesena,541,757
2007,IT_041,ITI31,Pesaro e Urbino,511,777
2007,IT_042,ITI32,Ancona,611,1088
2007,IT_043,ITI33,Macerata,347,946
2007,IT_044,ITI34,Ascoli Piceno,217,627
2007,IT_045,ITI11,MassaCarrara,325,395
2007,IT_046,ITI12,Lucca,764,870
2007,IT_047,ITI13,Pistoia,521,593
2007,IT_048,ITI14,Firenze,2159,1879
2007,IT_049,ITI16,Livorno,744,528
2007,IT_050,ITI17,Pisa,658,1010
2007,IT_051,ITI18,Arezzo,558,807
2007,IT_052,ITI19,Siena,791,667
2007,IT_053,ITI1A,Grosseto,469,475
2007,IT_054,ITI21,Perugia,877,1832
2007,IT_055,ITI22,Terni,350,545
2007,IT_056,ITI41,Viterbo,524,884
2007,IT_057,ITI42,Rieti,189,475
2007,IT_058,ITI43,Roma,7067,9919
2007,IT_059,ITI44,Latina,616,1706
2007,IT_060,ITI45,Frosinone,467,1674
2007,IT_061,ITF31,Caserta,695,3781
2007,IT_062,ITF32,Benevento,196,1136
2007,IT_063,ITF33,Napoli,4635,13784
2007,IT_064,ITF34,Avellino,249,1615
2007,IT_065,ITF35,Salerno,1120,4907
2007,IT_066,ITF11,LAquila,301,874
2007,IT_067,ITF12,Teramo,316,883
2007,IT_068,ITF13,Pescara,355,919
2007,IT_069,ITF14,Chieti,365,1177
2007,IT_070,ITF22,Campobasso,185,719
2007,IT_071,ITF46,Foggia,452,2622
2007,IT_072,ITF47,Bari,1041,5052
2007,IT_073,ITF43,Taranto,518,2429
2007,IT_074,ITF44,Brindisi,326,1425
2007,IT_075,ITF45,Lecce,620,3155
2007,IT_076,ITF51,Potenza,215,1519
2007,IT_077,ITF52,Matera,119,828
2007,IT_078,ITF61,Cosenza,476,2813
2007,IT_079,ITF63,Catanzaro,286,1314
2007,IT_080,ITF65,Reggio di Calabria,337,2335
2007,IT_081,ITG11,Trapani,225,1810
2007,IT_082,ITG12,Palermo,1443,4870
2007,IT_083,ITG13,Messina,631,2439
2007,IT_084,ITG14,Agrigento,258,1889
2007,IT_085,ITG15,Caltanissetta,213,1123
2007,IT_086,ITG16,Enna,136,634
2007,IT_087,ITG17,Catania,1379,3914
2007,IT_088,ITG18,Ragusa,240,1164
2007,IT_089,ITG19,Siracusa,458,1266
2007,IT_090,ITG2D,Sassari,833,1473
2007,IT_091,ITG2E,Nuoro,216,626
2007,IT_092,ITG2F,Cagliari,718,1144
2007,IT_093,ITH41,Pordenone,548,586
2007,IT_094,ITF21,Isernia,64,253
2007,IT_095,ITG2G,Oristano,203,413
2007,IT_096,ITC13,Biella,309,338
2007,IT_097,ITC43,Lecco,470,930
2007,IT_098,ITC49,Lodi,357,357
2007,IT_099,ITH59,Rimini,574,661
2007,IT_100,ITI15,Prato,476,517
2007,IT_101,ITF62,Crotone,125,868
2007,IT_102,ITF64,Vibo Valentia,86,756
2007,IT_103,ITC14,VerbanoCusioOssola,314,400
2007,IT_108,ITC4D,Monza e della Brianza,1264,1753
2007,IT_109,ITI35,Fermo,149,437
2007,IT_110,ITF48,BarlettaAndriaTrani,207,1720
2007,IT_111,ITG2H,Sud Sardegna,458,1050
2008,IT_001,ITC11,Torino,3884,4148
2008,IT_002,ITC12,Vercelli,306,308
2008,IT_003,ITC15,Novara,765,811
2008,IT_004,ITC16,Cuneo,865,1364
2008,IT_005,ITC17,Asti,398,499
2008,IT_006,ITC18,Alessandria,830,720
2008,IT_007,ITC20,Valle dAosta,241,266
2008,IT_008,ITC31,Imperia,459,355
2008,IT_009,ITC32,Savona,569,506
2008,IT_010,ITC33,Genova,1956,1490
2008,IT_011,ITC34,La Spezia,483,433
2008,IT_012,ITC41,Varese,1381,1851
2008,IT_013,ITC42,Como,1015,1258
2008,IT_014,ITC44,Sondrio,203,461
2008,IT_015,ITC4C,Milano,5614,4566
2008,IT_016,ITC46,Bergamo,1562,2300
2008,IT_017,ITC47,Brescia,1904,2518
2008,IT_018,ITC48,Pavia,959,957
2008,IT_019,ITC4A,Cremona,591,684
2008,IT_020,ITC4B,Mantova,656,713
2008,IT_021,ITH10,Bolzano,1077,708
2008,IT_022,ITH20,Trento,849,929
2008,IT_023,ITH31,Verona,2027,2095
2008,IT_024,ITH32,Vicenza,1124,1914
2008,IT_025,ITH33,Belluno,276,381
2008,IT_026,ITH34,Treviso,1229,1773
2008,IT_027,ITH35,Venezia,1861,1653
2008,IT_028,ITH36,Padova,1323,2183
2008,IT_029,ITH37,Rovigo,357,458
2008,IT_030,ITH42,Udine,860,900
2008,IT_031,ITH43,Gorizia,264,197
2008,IT_032,ITH44,Trieste,504,282
2008,IT_033,ITH51,Piacenza,490,681
2008,IT_034,ITH52,Parma,724,726
2008,IT_035,ITH53,Reggio nellEmilia,916,848
2008,IT_036,ITH54,Modena,1274,1100
2008,IT_037,ITH55,Bologna,1857,1406
2008,IT_038,ITH56,Ferrara,633,523
2008,IT_039,ITH57,Ravenna,766,577
2008,IT_040,ITH58,ForliCesena,615,668
2008,IT_041,ITI31,Pesaro e Urbino,514,729
2008,IT_042,ITI32,Ancona,785,1058
2008,IT_043,ITI33,Macerata,363,873
2008,IT_044,ITI34,Ascoli Piceno,248,594
2008,IT_045,ITI11,MassaCarrara,346,365
2008,IT_046,ITI12,Lucca,729,844
2008,IT_047,ITI13,Pistoia,515,537
2008,IT_048,ITI14,Firenze,2263,1861
2008,IT_049,ITI16,Livorno,785,514
2008,IT_050,ITI17,Pisa,781,923
2008,IT_051,ITI18,Arezzo,600,770
2008,IT_052,ITI19,Siena,788,596
2008,IT_053,ITI1A,Grosseto,503,419
2008,IT_054,ITI21,Perugia,1026,1800
2008,IT_055,ITI22,Terni,355,544
2008,IT_056,ITI41,Viterbo,543,828
2008,IT_057,ITI42,Rieti,204,381
2008,IT_058,ITI43,Roma,7315,8861
2008,IT_059,ITI44,Latina,666,1620
2008,IT_060,ITI45,Frosinone,469,1502
2008,IT_061,ITF31,Caserta,848,3629
2008,IT_062,ITF32,Benevento,220,1095
2008,IT_063,ITF33,Napoli,4732,13451
2008,IT_064,ITF34,Avellino,327,1552
2008,IT_065,ITF35,Salerno,1209,4732
2008,IT_066,ITF11,LAquila,239,820
2008,IT_067,ITF12,Teramo,338,894
2008,IT_068,ITF13,Pescara,287,776
2008,IT_069,ITF14,Chieti,382,1147
2008,IT_070,ITF22,Campobasso,153,679
2008,IT_071,ITF46,Foggia,482,2702
2008,IT_072,ITF47,Bari,1027,4951
2008,IT_073,ITF43,Taranto,553,2316
2008,IT_074,ITF44,Brindisi,357,1504
2008,IT_075,ITF45,Lecce,731,3062
2008,IT_076,ITF51,Potenza,218,1261
2008,IT_077,ITF52,Matera,133,798
2008,IT_078,ITF61,Cosenza,524,2747
2008,IT_079,ITF63,Catanzaro,286,1284
2008,IT_080,ITF65,Reggio di Calabria,392,2324
2008,IT_081,ITG11,Trapani,299,1747
2008,IT_082,ITG12,Palermo,1526,4949
2008,IT_083,ITG13,Messina,747,2336
2008,IT_084,ITG14,Agrigento,286,1791
2008,IT_085,ITG15,Caltanissetta,214,1102
2008,IT_086,ITG16,Enna,155,675
2008,IT_087,ITG17,Catania,1463,3648
2008,IT_088,ITG18,Ragusa,285,1180
2008,IT_089,ITG19,Siracusa,551,1390
2008,IT_090,ITG2D,Sassari,913,1362
2008,IT_091,ITG2E,Nuoro,239,628
2008,IT_092,ITG2F,Cagliari,867,1076
2008,IT_093,ITH41,Pordenone,520,569
2008,IT_094,ITF21,Isernia,63,310
2008,IT_095,ITG2G,Oristano,231,401
2008,IT_096,ITC13,Biella,294,303
2008,IT_097,ITC43,Lecco,483,896
2008,IT_098,ITC49,Lodi,385,402
2008,IT_099,ITH59,Rimini,560,598
2008,IT_100,ITI15,Prato,563,381
2008,IT_101,ITF62,Crotone,102,807
2008,IT_102,ITF64,Vibo Valentia,96,743
2008,IT_103,ITC14,VerbanoCusioOssola,369,394
2008,IT_108,ITC4D,Monza e della Brianza,1367,1601
2008,IT_109,ITI35,Fermo,185,462
2008,IT_110,ITF48,BarlettaAndriaTrani,284,1745
2008,IT_111,ITG2H,Sud Sardegna,632,982
2009,IT_001,ITC11,Torino,3778,3782
2009,IT_002,ITC12,Vercelli,258,258
2009,IT_003,ITC15,Novara,693,715
2009,IT_004,ITC16,Cuneo,824,1208
2009,IT_005,ITC17,Asti,396,487
2009,IT_006,ITC18,Alessandria,766,726
2009,IT_007,ITC20,Valle dAosta,246,203
2009,IT_008,ITC31,Imperia,429,319
2009,IT_009,ITC32,Savona,511,489
2009,IT_010,ITC33,Genova,1629,1431
2009,IT_011,ITC34,La Spezia,478,425
2009,IT_012,ITC41,Varese,1336,1606
2009,IT_013,ITC42,Como,1059,1204
2009,IT_014,ITC44,Sondrio,231,440
2009,IT_015,ITC4C,Milano,4943,4007
2009,IT_016,ITC46,Bergamo,1532,2134
2009,IT_017,ITC47,Brescia,1765,2337
2009,IT_018,ITC48,Pavia,902,874
2009,IT_019,ITC4A,Cremona,547,619
2009,IT_020,ITC4B,Mantova,609,611
2009,IT_021,ITH10,Bolzano,1164,753
2009,IT_022,ITH20,Trento,815,843
2009,IT_023,ITH31,Verona,1843,1882
2009,IT_024,ITH32,Vicenza,1054,1667
2009,IT_025,ITH33,Belluno,273,345
2009,IT_026,ITH34,Treviso,1145,1680
2009,IT_027,ITH35,Venezia,1852,1434
2009,IT_028,ITH36,Padova,1226,1829
2009,IT_029,ITH37,Rovigo,317,427
2009,IT_030,ITH42,Udine,881,817
2009,IT_031,ITH43,Gorizia,251,195
2009,IT_032,ITH44,Trieste,526,282
2009,IT_033,ITH51,Piacenza,430,585
2009,IT_034,ITH52,Parma,767,669
2009,IT_035,ITH53,Reggio nellEmilia,790,769
2009,IT_036,ITH54,Modena,1131,1026
2009,IT_037,ITH55,Bologna,1830,1298
2009,IT_038,ITH56,Ferrara,646,455
2009,IT_039,ITH57,Ravenna,739,532
2009,IT_040,ITH58,ForliCesena,601,603
2009,IT_041,ITI31,Pesaro e Urbino,504,699
2009,IT_042,ITI32,Ancona,595,931
2009,IT_043,ITI33,Macerata,381,765
2009,IT_044,ITI34,Ascoli Piceno,220,602
2009,IT_045,ITI11,MassaCarrara,344,339
2009,IT_046,ITI12,Lucca,720,779
2009,IT_047,ITI13,Pistoia,492,482
2009,IT_048,ITI14,Firenze,2082,1685
2009,IT_049,ITI16,Livorno,711,474
2009,IT_050,ITI17,Pisa,667,804
2009,IT_051,ITI18,Arezzo,579,688
2009,IT_052,ITI19,Siena,687,537
2009,IT_053,ITI1A,Grosseto,459,365
2009,IT_054,ITI21,Perugia,814,1622
2009,IT_055,ITI22,Terni,307,494
2009,IT_056,ITI41,Viterbo,529,774
2009,IT_057,ITI42,Rieti,193,368
2009,IT_058,ITI43,Roma,6873,8083
2009,IT_059,ITI44,Latina,685,1491
2009,IT_060,ITI45,Frosinone,502,1390
2009,IT_061,ITF31,Caserta,775,3521
2009,IT_062,ITF32,Benevento,189,1109
2009,IT_063,ITF33,Napoli,4185,12351
2009,IT_064,ITF34,Avellino,277,1408
2009,IT_065,ITF35,Salerno,1165,4630
2009,IT_066,ITF11,LAquila,271,697
2009,IT_067,ITF12,Teramo,366,876
2009,IT_068,ITF13,Pescara,322,689
2009,IT_069,ITF14,Chieti,365,1068
2009,IT_070,ITF22,Campobasso,176,616
2009,IT_071,ITF46,Foggia,511,2258
2009,IT_072,ITF47,Bari,1107,4790
2009,IT_073,ITF43,Taranto,484,2180
2009,IT_074,ITF44,Brindisi,419,1431
2009,IT_075,ITF45,Lecce,667,3116
2009,IT_076,ITF51,Potenza,193,1300
2009,IT_077,ITF52,Matera,113,813
2009,IT_078,ITF61,Cosenza,459,2700
2009,IT_079,ITF63,Catanzaro,239,1293
2009,IT_080,ITF65,Reggio di Calabria,375,2330
2009,IT_081,ITG11,Trapani,284,1637
2009,IT_082,ITG12,Palermo,1462,4547
2009,IT_083,ITG13,Messina,725,2294
2009,IT_084,ITG14,Agrigento,248,1709
2009,IT_085,ITG15,Caltanissetta,214,989
2009,IT_086,ITG16,Enna,151,642
2009,IT_087,ITG17,Catania,1544,3594
2009,IT_088,ITG18,Ragusa,290,1059
2009,IT_089,ITG19,Siracusa,626,1275
2009,IT_090,ITG2D,Sassari,822,1182
2009,IT_091,ITG2E,Nuoro,241,557
2009,IT_092,ITG2F,Cagliari,822,1003
2009,IT_093,ITH41,Pordenone,503,517
2009,IT_094,ITF21,Isernia,56,275
2009,IT_095,ITG2G,Oristano,272,388
2009,IT_096,ITC13,Biella,271,292
2009,IT_097,ITC43,Lecco,536,811
2009,IT_098,ITC49,Lodi,360,352
2009,IT_099,ITH59,Rimini,564,579
2009,IT_100,ITI15,Prato,600,379
2009,IT_101,ITF62,Crotone,106,747
2009,IT_102,ITF64,Vibo Valentia,90,712
2009,IT_103,ITC14,VerbanoCusioOssola,351,370
2009,IT_108,ITC4D,Monza e della Brianza,1353,1581
2009,IT_109,ITI35,Fermo,185,440
2009,IT_110,ITF48,BarlettaAndriaTrani,282,1554
2009,IT_111,ITG2H,Sud Sardegna,598,843
2010,IT_001,ITC11,Torino,3383,3407
2010,IT_002,ITC12,Vercelli,280,299
2010,IT_003,ITC15,Novara,626,700
2010,IT_004,ITC16,Cuneo,734,1260
2010,IT_005,ITC17,Asti,335,425
2010,IT_006,ITC18,Alessandria,723,753
2010,IT_007,ITC20,Valle dAosta,212,196
2010,IT_008,ITC31,Imperia,391,331
2010,IT_009,ITC32,Savona,471,496
2010,IT_010,ITC33,Genova,1530,1350
2010,IT_011,ITC34,La Spezia,456,361
2010,IT_012,ITC41,Varese,1214,1482
2010,IT_013,ITC42,Como,885,1176
2010,IT_014,ITC44,Sondrio,208,401
2010,IT_015,ITC4C,Milano,4685,4362
2010,IT_016,ITC46,Bergamo,1375,1995
2010,IT_017,ITC47,Brescia,1619,2112
2010,IT_018,ITC48,Pavia,822,784
2010,IT_019,ITC4A,Cremona,529,602
2010,IT_020,ITC4B,Mantova,556,618
2010,IT_021,ITH10,Bolzano,1195,711
2010,IT_022,ITH20,Trento,842,793
2010,IT_023,ITH31,Verona,1769,1943
2010,IT_024,ITH32,Vicenza,1019,1639
2010,IT_025,ITH33,Belluno,248,319
2010,IT_026,ITH34,Treviso,1124,1646
2010,IT_027,ITH35,Venezia,1714,1394
2010,IT_028,ITH36,Padova,1095,1911
2010,IT_029,ITH37,Rovigo,308,410
2010,IT_030,ITH42,Udine,895,805
2010,IT_031,ITH43,Gorizia,203,175
2010,IT_032,ITH44,Trieste,451,252
2010,IT_033,ITH51,Piacenza,409,521
2010,IT_034,ITH52,Parma,647,643
2010,IT_035,ITH53,Reggio nellEmilia,744,761
2010,IT_036,ITH54,Modena,957,959
2010,IT_037,ITH55,Bologna,1744,1217
2010,IT_038,ITH56,Ferrara,652,448
2010,IT_039,ITH57,Ravenna,628,517
2010,IT_040,ITH58,ForliCesena,577,597
2010,IT_041,ITI31,Pesaro e Urbino,392,643
2010,IT_042,ITI32,Ancona,512,891
2010,IT_043,ITI33,Macerata,289,724
2010,IT_044,ITI34,Ascoli Piceno,187,572
2010,IT_045,ITI11,MassaCarrara,305,299
2010,IT_046,ITI12,Lucca,733,756
2010,IT_047,ITI13,Pistoia,463,466
2010,IT_048,ITI14,Firenze,1897,1503
2010,IT_049,ITI16,Livorno,729,398
2010,IT_050,ITI17,Pisa,698,800
2010,IT_051,ITI18,Arezzo,588,724
2010,IT_052,ITI19,Siena,683,524
2010,IT_053,ITI1A,Grosseto,422,353
2010,IT_054,ITI21,Perugia,865,1493
2010,IT_055,ITI22,Terni,317,439
2010,IT_056,ITI41,Viterbo,490,697
2010,IT_057,ITI42,Rieti,193,393
2010,IT_058,ITI43,Roma,6160,7360
2010,IT_059,ITI44,Latina,604,1448
2010,IT_060,ITI45,Frosinone,415,1327
2010,IT_061,ITF31,Caserta,674,3509
2010,IT_062,ITF32,Benevento,182,1008
2010,IT_063,ITF33,Napoli,3665,11539
2010,IT_064,ITF34,Avellino,278,1449
2010,IT_065,ITF35,Salerno,1110,4396
2010,IT_066,ITF11,LAquila,285,729
2010,IT_067,ITF12,Teramo,386,754
2010,IT_068,ITF13,Pescara,347,549
2010,IT_069,ITF14,Chieti,354,1019
2010,IT_070,ITF22,Campobasso,168,586
2010,IT_071,ITF46,Foggia,484,2434
2010,IT_072,ITF47,Bari,1174,4541
2010,IT_073,ITF43,Taranto,484,1896
2010,IT_074,ITF44,Brindisi,427,1372
2010,IT_075,ITF45,Lecce,679,2938
2010,IT_076,ITF51,Potenza,193,1271
2010,IT_077,ITF52,Matera,126,760
2010,IT_078,ITF61,Cosenza,473,2582
2010,IT_079,ITF63,Catanzaro,245,1320
2010,IT_080,ITF65,Reggio di Calabria,371,2165
2010,IT_081,ITG11,Trapani,271,1510
2010,IT_082,ITG12,Palermo,1455,4382
2010,IT_083,ITG13,Messina,613,2136
2010,IT_084,ITG14,Agrigento,263,1817
2010,IT_085,ITG15,Caltanissetta,204,879
2010,IT_086,ITG16,Enna,143,583
2010,IT_087,ITG17,Catania,1477,3428
2010,IT_088,ITG18,Ragusa,288,1050
2010,IT_089,ITG19,Siracusa,553,1232
2010,IT_090,ITG2D,Sassari,800,1150
2010,IT_091,ITG2E,Nuoro,233,548
2010,IT_092,ITG2F,Cagliari,733,913
2010,IT_093,ITH41,Pordenone,516,516
2010,IT_094,ITF21,Isernia,55,289
2010,IT_095,ITG2G,Oristano,245,355
2010,IT_096,ITC13,Biella,280,261
2010,IT_097,ITC43,Lecco,460,705
2010,IT_098,ITC49,Lodi,275,327
2010,IT_099,ITH59,Rimini,491,550
2010,IT_100,ITI15,Prato,367,344
2010,IT_101,ITF62,Crotone,79,712
2010,IT_102,ITF64,Vibo Valentia,107,670
2010,IT_103,ITC14,VerbanoCusioOssola,301,373
2010,IT_108,ITC4D,Monza e della Brianza,1085,1405
2010,IT_109,ITI35,Fermo,158,435
2010,IT_110,ITF48,BarlettaAndriaTrani,248,1493
2010,IT_111,ITG2H,Sud Sardegna,499,738
2011,IT_001,ITC11,Torino,3316,3180
2011,IT_002,ITC12,Vercelli,280,202
2011,IT_003,ITC15,Novara,616,603
2011,IT_004,ITC16,Cuneo,741,1220
2011,IT_005,ITC17,Asti,342,430
2011,IT_006,ITC18,Alessandria,726,704
2011,IT_007,ITC20,Valle dAosta,230,182
2011,IT_008,ITC31,Imperia,359,296
2011,IT_009,ITC32,Savona,502,454
2011,IT_010,ITC33,Genova,1634,1189
2011,IT_011,ITC34,La Spezia,398,331
2011,IT_012,ITC41,Varese,1320,1348
2011,IT_013,ITC42,Como,994,1058
2011,IT_014,ITC44,Sondrio,218,376
2011,IT_015,ITC4C,Milano,4440,3413
2011,IT_016,ITC46,Bergamo,1721,1714
2011,IT_017,ITC47,Brescia,1702,1956
2011,IT_018,ITC48,Pavia,836,699
2011,IT_019,ITC4A,Cremona,524,495
2011,IT_020,ITC4B,Mantova,563,543
2011,IT_021,ITH10,Bolzano,1267,757
2011,IT_022,ITH20,Trento,916,812
2011,IT_023,ITH31,Verona,1754,1686
2011,IT_024,ITH32,Vicenza,1055,1416
2011,IT_025,ITH33,Belluno,286,304
2011,IT_026,ITH34,Treviso,1035,1499
2011,IT_027,ITH35,Venezia,1746,1308
2011,IT_028,ITH36,Padova,1193,1603
2011,IT_029,ITH37,Rovigo,283,320
2011,IT_030,ITH42,Udine,872,635
2011,IT_031,ITH43,Gorizia,227,152
2011,IT_032,ITH44,Trieste,481,228
2011,IT_033,ITH51,Piacenza,426,435
2011,IT_034,ITH52,Parma,621,579
2011,IT_035,ITH53,Reggio nellEmilia,780,623
2011,IT_036,ITH54,Modena,975,921
2011,IT_037,ITH55,Bologna,1645,1092
2011,IT_038,ITH56,Ferrara,614,408
2011,IT_039,ITH57,Ravenna,706,511
2011,IT_040,ITH58,ForliCesena,553,548
2011,IT_041,ITI31,Pesaro e Urbino,450,554
2011,IT_042,ITI32,Ancona,611,812
2011,IT_043,ITI33,Macerata,302,666
2011,IT_044,ITI34,Ascoli Piceno,218,493
2011,IT_045,ITI11,MassaCarrara,371,270
2011,IT_046,ITI12,Lucca,724,624
2011,IT_047,ITI13,Pistoia,467,386
2011,IT_048,ITI14,Firenze,1923,1419
2011,IT_049,ITI16,Livorno,705,361
2011,IT_050,ITI17,Pisa,709,711
2011,IT_051,ITI18,Arezzo,576,578
2011,IT_052,ITI19,Siena,651,500
2011,IT_053,ITI1A,Grosseto,435,293
2011,IT_054,ITI21,Perugia,982,1313
2011,IT_055,ITI22,Terni,386,351
2011,IT_056,ITI41,Viterbo,454,580
2011,IT_057,ITI42,Rieti,170,246
2011,IT_058,ITI43,Roma,6483,7095
2011,IT_059,ITI44,Latina,621,1210
2011,IT_060,ITI45,Frosinone,443,1328
2011,IT_061,ITF31,Caserta,710,3201
2011,IT_062,ITF32,Benevento,190,975
2011,IT_063,ITF33,Napoli,3663,10054
2011,IT_064,ITF34,Avellino,279,1330
2011,IT_065,ITF35,Salerno,1035,3797
2011,IT_066,ITF11,LAquila,266,647
2011,IT_067,ITF12,Teramo,295,623
2011,IT_068,ITF13,Pescara,395,542
2011,IT_069,ITF14,Chieti,356,790
2011,IT_070,ITF22,Campobasso,150,560
2011,IT_071,ITF46,Foggia,492,2488
2011,IT_072,ITF47,Bari,1021,3942
2011,IT_073,ITF43,Taranto,454,1629
2011,IT_074,ITF44,Brindisi,395,1195
2011,IT_075,ITF45,Lecce,638,2633
2011,IT_076,ITF51,Potenza,182,1227
2011,IT_077,ITF52,Matera,112,680
2011,IT_078,ITF61,Cosenza,464,2453
2011,IT_079,ITF63,Catanzaro,303,1285
2011,IT_080,ITF65,Reggio di Calabria,342,2100
2011,IT_081,ITG11,Trapani,271,1530
2011,IT_082,ITG12,Palermo,1417,4046
2011,IT_083,ITG13,Messina,635,2056
2011,IT_084,ITG14,Agrigento,277,1531
2011,IT_085,ITG15,Caltanissetta,190,813
2011,IT_086,ITG16,Enna,156,565
2011,IT_087,ITG17,Catania,1375,2965
2011,IT_088,ITG18,Ragusa,299,1008
2011,IT_089,ITG19,Siracusa,516,1118
2011,IT_090,ITG2D,Sassari,731,991
2011,IT_091,ITG2E,Nuoro,215,501
2011,IT_092,ITG2F,Cagliari,663,846
2011,IT_093,ITH41,Pordenone,482,429
2011,IT_094,ITF21,Isernia,57,223
2011,IT_095,ITG2G,Oristano,228,326
2011,IT_096,ITC13,Biella,273,256
2011,IT_097,ITC43,Lecco,491,593
2011,IT_098,ITC49,Lodi,284,289
2011,IT_099,ITH59,Rimini,517,530
2011,IT_100,ITI15,Prato,428,332
2011,IT_101,ITF62,Crotone,93,666
2011,IT_102,ITF64,Vibo Valentia,85,663
2011,IT_103,ITC14,VerbanoCusioOssola,305,321
2011,IT_108,ITC4D,Monza e della Brianza,1223,1336
2011,IT_109,ITI35,Fermo,170,379
2011,IT_110,ITF48,BarlettaAndriaTrani,227,1288
2011,IT_111,ITG2H,Sud Sardegna,459,671
2012,IT_001,ITC11,Torino,3707,3017
2012,IT_002,ITC12,Vercelli,264,230
2012,IT_003,ITC15,Novara,698,628
2012,IT_004,ITC16,Cuneo,877,1191
2012,IT_005,ITC17,Asti,377,361
2012,IT_006,ITC18,Alessandria,777,617
2012,IT_007,ITC20,Valle dAosta,218,183
2012,IT_008,ITC31,Imperia,395,305
2012,IT_009,ITC32,Savona,610,450
2012,IT_010,ITC33,Genova,1678,1122
2012,IT_011,ITC34,La Spezia,443,321
2012,IT_012,ITC41,Varese,1399,1453
2012,IT_013,ITC42,Como,1030,1006
2012,IT_014,ITC44,Sondrio,218,370
2012,IT_015,ITC4C,Milano,4892,3010
2012,IT_016,ITC46,Bergamo,1561,1803
2012,IT_017,ITC47,Brescia,1774,1905
2012,IT_018,ITC48,Pavia,881,740
2012,IT_019,ITC4A,Cremona,548,495
2012,IT_020,ITC4B,Mantova,567,494
2012,IT_021,ITH10,Bolzano,1316,765
2012,IT_022,ITH20,Trento,894,790
2012,IT_023,ITH31,Verona,1870,1750
2012,IT_024,ITH32,Vicenza,1055,1350
2012,IT_025,ITH33,Belluno,306,276
2012,IT_026,ITH34,Treviso,1234,1445
2012,IT_027,ITH35,Venezia,1645,1220
2012,IT_028,ITH36,Padova,1213,1709
2012,IT_029,ITH37,Rovigo,330,299
2012,IT_030,ITH42,Udine,858,737
2012,IT_031,ITH43,Gorizia,258,149
2012,IT_032,ITH44,Trieste,510,271
2012,IT_033,ITH51,Piacenza,412,460
2012,IT_034,ITH52,Parma,741,570
2012,IT_035,ITH53,Reggio nellEmilia,885,680
2012,IT_036,ITH54,Modena,1048,881
2012,IT_037,ITH55,Bologna,1770,1066
2012,IT_038,ITH56,Ferrara,600,342
2012,IT_039,ITH57,Ravenna,714,458
2012,IT_040,ITH58,ForliCesena,512,501
2012,IT_041,ITI31,Pesaro e Urbino,478,515
2012,IT_042,ITI32,Ancona,582,799
2012,IT_043,ITI33,Macerata,286,568
2012,IT_044,ITI34,Ascoli Piceno,226,479
2012,IT_045,ITI11,MassaCarrara,347,301
2012,IT_046,ITI12,Lucca,811,649
2012,IT_047,ITI13,Pistoia,493,410
2012,IT_048,ITI14,Firenze,2174,1427
2012,IT_049,ITI16,Livorno,681,368
2012,IT_050,ITI17,Pisa,758,648
2012,IT_051,ITI18,Arezzo,596,608
2012,IT_052,ITI19,Siena,621,511
2012,IT_053,ITI1A,Grosseto,489,283
2012,IT_054,ITI21,Perugia,929,1347
2012,IT_055,ITI22,Terni,361,323
2012,IT_056,ITI41,Viterbo,472,555
2012,IT_057,ITI42,Rieti,217,320
2012,IT_058,ITI43,Roma,7090,6656
2012,IT_059,ITI44,Latina,656,1179
2012,IT_060,ITI45,Frosinone,546,1326
2012,IT_061,ITF31,Caserta,758,3216
2012,IT_062,ITF32,Benevento,220,976
2012,IT_063,ITF33,Napoli,3595,9410
2012,IT_064,ITF34,Avellino,279,1428
2012,IT_065,ITF35,Salerno,1145,3666
2012,IT_066,ITF11,LAquila,313,624
2012,IT_067,ITF12,Teramo,277,645
2012,IT_068,ITF13,Pescara,409,636
2012,IT_069,ITF14,Chieti,390,767
2012,IT_070,ITF22,Campobasso,154,483
2012,IT_071,ITF46,Foggia,491,2095
2012,IT_072,ITF47,Bari,1199,4129
2012,IT_073,ITF43,Taranto,563,1803
2012,IT_074,ITF44,Brindisi,435,1168
2012,IT_075,ITF45,Lecce,746,2644
2012,IT_076,ITF51,Potenza,167,1135
2012,IT_077,ITF52,Matera,107,634
2012,IT_078,ITF61,Cosenza,418,2463
2012,IT_079,ITF63,Catanzaro,271,1307
2012,IT_080,ITF65,Reggio di Calabria,389,2121
2012,IT_081,ITG11,Trapani,305,1455
2012,IT_082,ITG12,Palermo,1393,4165
2012,IT_083,ITG13,Messina,650,2050
2012,IT_084,ITG14,Agrigento,324,1603
2012,IT_085,ITG15,Caltanissetta,243,891
2012,IT_086,ITG16,Enna,133,575
2012,IT_087,ITG17,Catania,1406,2862
2012,IT_088,ITG18,Ragusa,304,1029
2012,IT_089,ITG19,Siracusa,538,1155
2012,IT_090,ITG2D,Sassari,748,1018
2012,IT_091,ITG2E,Nuoro,232,503
2012,IT_092,ITG2F,Cagliari,679,805
2012,IT_093,ITH41,Pordenone,511,442
2012,IT_094,ITF21,Isernia,52,221
2012,IT_095,ITG2G,Oristano,208,269
2012,IT_096,ITC13,Biella,273,231
2012,IT_097,ITC43,Lecco,484,641
2012,IT_098,ITC49,Lodi,313,273
2012,IT_099,ITH59,Rimini,493,493
2012,IT_100,ITI15,Prato,554,350
2012,IT_101,ITF62,Crotone,126,672
2012,IT_102,ITF64,Vibo Valentia,114,658
2012,IT_103,ITC14,VerbanoCusioOssola,322,315
2012,IT_108,ITC4D,Monza e della Brianza,1276,1267
2012,IT_109,ITI35,Fermo,176,379
2012,IT_110,ITF48,BarlettaAndriaTrani,257,1350
2012,IT_111,ITG2H,Sud Sardegna,503,583
2013,IT_001,ITC11,Torino,3348,2653
2013,IT_002,ITC12,Vercelli,268,185
2013,IT_003,ITC15,Novara,622,493
2013,IT_004,ITC16,Cuneo,845,1066
2013,IT_005,ITC17,Asti,397,328
2013,IT_006,ITC18,Alessandria,729,556
2013,IT_007,ITC20,Valle dAosta,240,154
2013,IT_008,ITC31,Imperia,368,294
2013,IT_009,ITC32,Savona,532,377
2013,IT_010,ITC33,Genova,1628,1005
2013,IT_011,ITC34,La Spezia,502,305
2013,IT_012,ITC41,Varese,1337,1265
2013,IT_013,ITC42,Como,957,888
2013,IT_014,ITC44,Sondrio,218,325
2013,IT_015,ITC4C,Milano,4717,2796
2013,IT_016,ITC46,Bergamo,1521,1535
2013,IT_017,ITC47,Brescia,1791,1756
2013,IT_018,ITC48,Pavia,904,652
2013,IT_019,ITC4A,Cremona,543,422
2013,IT_020,ITC4B,Mantova,614,503
2013,IT_021,ITH10,Bolzano,1174,668
2013,IT_022,ITH20,Trento,839,739
2013,IT_023,ITH31,Verona,1830,1538
2013,IT_024,ITH32,Vicenza,1020,1308
2013,IT_025,ITH33,Belluno,266,247
2013,IT_026,ITH34,Treviso,1103,1317
2013,IT_027,ITH35,Venezia,1537,1100
2013,IT_028,ITH36,Padova,1226,1421
2013,IT_029,ITH37,Rovigo,333,319
2013,IT_030,ITH42,Udine,847,665
2013,IT_031,ITH43,Gorizia,236,149
2013,IT_032,ITH44,Trieste,491,228
2013,IT_033,ITH51,Piacenza,394,408
2013,IT_034,ITH52,Parma,635,514
2013,IT_035,ITH53,Reggio nellEmilia,788,617
2013,IT_036,ITH54,Modena,1081,741
2013,IT_037,ITH55,Bologna,1716,930
2013,IT_038,ITH56,Ferrara,580,305
2013,IT_039,ITH57,Ravenna,701,444
2013,IT_040,ITH58,ForliCesena,557,460
2013,IT_041,ITI31,Pesaro e Urbino,494,517
2013,IT_042,ITI32,Ancona,564,731
2013,IT_043,ITI33,Macerata,309,546
2013,IT_044,ITI34,Ascoli Piceno,244,429
2013,IT_045,ITI11,MassaCarrara,344,236
2013,IT_046,ITI12,Lucca,782,540
2013,IT_047,ITI13,Pistoia,439,354
2013,IT_048,ITI14,Firenze,1990,1345
2013,IT_049,ITI16,Livorno,701,304
2013,IT_050,ITI17,Pisa,735,568
2013,IT_051,ITI18,Arezzo,567,498
2013,IT_052,ITI19,Siena,639,410
2013,IT_053,ITI1A,Grosseto,410,260
2013,IT_054,ITI21,Perugia,838,1092
2013,IT_055,ITI22,Terni,344,335
2013,IT_056,ITI41,Viterbo,534,518
2013,IT_057,ITI42,Rieti,164,266
2013,IT_058,ITI43,Roma,6756,6126
2013,IT_059,ITI44,Latina,704,1037
2013,IT_060,ITI45,Frosinone,489,1038
2013,IT_061,ITF31,Caserta,748,2745
2013,IT_062,ITF32,Benevento,220,1016
2013,IT_063,ITF33,Napoli,3593,8495
2013,IT_064,ITF34,Avellino,272,1287
2013,IT_065,ITF35,Salerno,1211,3898
2013,IT_066,ITF11,LAquila,293,578
2013,IT_067,ITF12,Teramo,286,665
2013,IT_068,ITF13,Pescara,380,644
2013,IT_069,ITF14,Chieti,399,899
2013,IT_070,ITF22,Campobasso,166,462
2013,IT_071,ITF46,Foggia,445,1749
2013,IT_072,ITF47,Bari,1110,3698
2013,IT_073,ITF43,Taranto,500,1621
2013,IT_074,ITF44,Brindisi,418,1149
2013,IT_075,ITF45,Lecce,765,2273
2013,IT_076,ITF51,Potenza,172,1138
2013,IT_077,ITF52,Matera,129,683
2013,IT_078,ITF61,Cosenza,496,2347
2013,IT_079,ITF63,Catanzaro,277,1146
2013,IT_080,ITF65,Reggio di Calabria,424,1982
2013,IT_081,ITG11,Trapani,331,1394
2013,IT_082,ITG12,Palermo,1488,3835
2013,IT_083,ITG13,Messina,642,1825
2013,IT_084,ITG14,Agrigento,313,1432
2013,IT_085,ITG15,Caltanissetta,230,789
2013,IT_086,ITG16,Enna,134,548
2013,IT_087,ITG17,Catania,1488,3011
2013,IT_088,ITG18,Ragusa,334,958
2013,IT_089,ITG19,Siracusa,601,1089
2013,IT_090,ITG2D,Sassari,795,861
2013,IT_091,ITG2E,Nuoro,229,395
2013,IT_092,ITG2F,Cagliari,700,690
2013,IT_093,ITH41,Pordenone,486,363
2013,IT_094,ITF21,Isernia,72,195
2013,IT_095,ITG2G,Oristano,247,283
2013,IT_096,ITC13,Biella,273,197
2013,IT_097,ITC43,Lecco,469,588
2013,IT_098,ITC49,Lodi,296,240
2013,IT_099,ITH59,Rimini,563,494
2013,IT_100,ITI15,Prato,399,325
2013,IT_101,ITF62,Crotone,110,662
2013,IT_102,ITF64,Vibo Valentia,86,608
2013,IT_103,ITC14,VerbanoCusioOssola,325,274
2013,IT_108,ITC4D,Monza e della Brianza,1150,1048
2013,IT_109,ITI35,Fermo,172,332
2013,IT_110,ITF48,BarlettaAndriaTrani,303,1247
2013,IT_111,ITG2H,Sud Sardegna,490,561
2014,IT_001,ITC11,Torino,3298,2628
2014,IT_002,ITC12,Vercelli,268,186
2014,IT_003,ITC15,Novara,650,494
2014,IT_004,ITC16,Cuneo,851,998
2014,IT_005,ITC17,Asti,400,316
2014,IT_006,ITC18,Alessandria,694,539
2014,IT_007,ITC20,Valle dAosta,208,161
2014,IT_008,ITC31,Imperia,369,257
2014,IT_009,ITC32,Savona,559,398
2014,IT_010,ITC33,Genova,1462,1021
2014,IT_011,ITC34,La Spezia,494,304
2014,IT_012,ITC41,Varese,1336,1213
2014,IT_013,ITC42,Como,991,841
2014,IT_014,ITC44,Sondrio,219,267
2014,IT_015,ITC4C,Milano,4529,2749
2014,IT_016,ITC46,Bergamo,1485,1513
2014,IT_017,ITC47,Brescia,1743,1742
2014,IT_018,ITC48,Pavia,896,597
2014,IT_019,ITC4A,Cremona,527,416
2014,IT_020,ITC4B,Mantova,578,456
2014,IT_021,ITH10,Bolzano,1292,745
2014,IT_022,ITH20,Trento,808,688
2014,IT_023,ITH31,Verona,1818,1510
2014,IT_024,ITH32,Vicenza,1056,1254
2014,IT_025,ITH33,Belluno,249,254
2014,IT_026,ITH34,Treviso,1164,1250
2014,IT_027,ITH35,Venezia,1670,1093
2014,IT_028,ITH36,Padova,1170,1322
2014,IT_029,ITH37,Rovigo,272,325
2014,IT_030,ITH42,Udine,858,620
2014,IT_031,ITH43,Gorizia,240,158
2014,IT_032,ITH44,Trieste,490,226
2014,IT_033,ITH51,Piacenza,419,421
2014,IT_034,ITH52,Parma,666,477
2014,IT_035,ITH53,Reggio nellEmilia,845,555
2014,IT_036,ITH54,Modena,997,762
2014,IT_037,ITH55,Bologna,1747,931
2014,IT_038,ITH56,Ferrara,600,334
2014,IT_039,ITH57,Ravenna,732,428
2014,IT_040,ITH58,ForliCesena,573,452
2014,IT_041,ITI31,Pesaro e Urbino,405,520
2014,IT_042,ITI32,Ancona,576,701
2014,IT_043,ITI33,Macerata,300,536
2014,IT_044,ITI34,Ascoli Piceno,211,401
2014,IT_045,ITI11,MassaCarrara,351,235
2014,IT_046,ITI12,Lucca,755,513
2014,IT_047,ITI13,Pistoia,395,320
2014,IT_048,ITI14,Firenze,1922,1215
2014,IT_049,ITI16,Livorno,703,318
2014,IT_050,ITI17,Pisa,756,614
2014,IT_051,ITI18,Arezzo,565,542
2014,IT_052,ITI19,Siena,618,426
2014,IT_053,ITI1A,Grosseto,430,235
2014,IT_054,ITI21,Perugia,854,1160
2014,IT_055,ITI22,Terni,318,308
2014,IT_056,ITI41,Viterbo,457,480
2014,IT_057,ITI42,Rieti,188,253
2014,IT_058,ITI43,Roma,6623,5867
2014,IT_059,ITI44,Latina,673,1036
2014,IT_060,ITI45,Frosinone,440,1035
2014,IT_061,ITF31,Caserta,781,2684
2014,IT_062,ITF32,Benevento,246,919
2014,IT_063,ITF33,Napoli,3642,8623
2014,IT_064,ITF34,Avellino,264,1286
2014,IT_065,ITF35,Salerno,1258,3736
2014,IT_066,ITF11,LAquila,291,551
2014,IT_067,ITF12,Teramo,294,639
2014,IT_068,ITF13,Pescara,355,578
2014,IT_069,ITF14,Chieti,366,765
2014,IT_070,ITF22,Campobasso,169,476
2014,IT_071,ITF46,Foggia,498,1824
2014,IT_072,ITF47,Bari,1216,3396
2014,IT_073,ITF43,Taranto,550,1472
2014,IT_074,ITF44,Brindisi,455,1004
2014,IT_075,ITF45,Lecce,775,2170
2014,IT_076,ITF51,Potenza,175,1142
2014,IT_077,ITF52,Matera,125,610
2014,IT_078,ITF61,Cosenza,516,2260
2014,IT_079,ITF63,Catanzaro,301,1140
2014,IT_080,ITF65,Reggio di Calabria,384,1958
2014,IT_081,ITG11,Trapani,367,1337
2014,IT_082,ITG12,Palermo,1374,3680
2014,IT_083,ITG13,Messina,677,1734
2014,IT_084,ITG14,Agrigento,321,1432
2014,IT_085,ITG15,Caltanissetta,219,654
2014,IT_086,ITG16,Enna,172,521
2014,IT_087,ITG17,Catania,1459,2592
2014,IT_088,ITG18,Ragusa,367,957
2014,IT_089,ITG19,Siracusa,526,1006
2014,IT_090,ITG2D,Sassari,747,793
2014,IT_091,ITG2E,Nuoro,196,372
2014,IT_092,ITG2F,Cagliari,642,650
2014,IT_093,ITH41,Pordenone,494,397
2014,IT_094,ITF21,Isernia,69,205
2014,IT_095,ITG2G,Oristano,225,244
2014,IT_096,ITC13,Biella,240,202
2014,IT_097,ITC43,Lecco,471,622
2014,IT_098,ITC49,Lodi,289,250
2014,IT_099,ITH59,Rimini,524,462
2014,IT_100,ITI15,Prato,418,299
2014,IT_101,ITF62,Crotone,134,649
2014,IT_102,ITF64,Vibo Valentia,84,582
2014,IT_103,ITC14,VerbanoCusioOssola,283,286
2014,IT_108,ITC4D,Monza e della Brianza,1067,1156
2014,IT_109,ITI35,Fermo,168,322
2014,IT_110,ITF48,BarlettaAndriaTrani,335,1285
2014,IT_111,ITG2H,Sud Sardegna,419,516
2015,IT_001,ITC11,Torino,3736,2543
2015,IT_002,ITC12,Vercelli,314,238
2015,IT_003,ITC15,Novara,749,526
2015,IT_004,ITC16,Cuneo,907,984
2015,IT_005,ITC17,Asti,429,351
2015,IT_006,ITC18,Alessandria,846,546
2015,IT_007,ITC20,Valle dAosta,246,134
2015,IT_008,ITC31,Imperia,413,236
2015,IT_009,ITC32,Savona,661,382
2015,IT_010,ITC33,Genova,1597,970
2015,IT_011,ITC34,La Spezia,462,319
2015,IT_012,ITC41,Varese,1524,1108
2015,IT_013,ITC42,Como,1081,889
2015,IT_014,ITC44,Sondrio,246,276
2015,IT_015,ITC4C,Milano,4836,2637
2015,IT_016,ITC46,Bergamo,1637,1526
2015,IT_017,ITC47,Brescia,1961,1746
2015,IT_018,ITC48,Pavia,942,565
2015,IT_019,ITC4A,Cremona,639,454
2015,IT_020,ITC4B,Mantova,657,461
2015,IT_021,ITH10,Bolzano,1419,684
2015,IT_022,ITH20,Trento,885,677
2015,IT_023,ITH31,Verona,1890,1502
2015,IT_024,ITH32,Vicenza,1151,1185
2015,IT_025,ITH33,Belluno,287,216
2015,IT_026,ITH34,Treviso,1308,1299
2015,IT_027,ITH35,Venezia,1758,1032
2015,IT_028,ITH36,Padova,1272,1369
2015,IT_029,ITH37,Rovigo,368,285
2015,IT_030,ITH42,Udine,907,634
2015,IT_031,ITH43,Gorizia,258,145
2015,IT_032,ITH44,Trieste,562,207
2015,IT_033,ITH51,Piacenza,499,413
2015,IT_034,ITH52,Parma,672,543
2015,IT_035,ITH53,Reggio nellEmilia,870,529
2015,IT_036,ITH54,Modena,1124,763
2015,IT_037,ITH55,Bologna,1911,895
2015,IT_038,ITH56,Ferrara,618,338
2015,IT_039,ITH57,Ravenna,733,423
2015,IT_040,ITH58,ForliCesena,635,468
2015,IT_041,ITI31,Pesaro e Urbino,485,476
2015,IT_042,ITI32,Ancona,570,668
2015,IT_043,ITI33,Macerata,337,542
2015,IT_044,ITI34,Ascoli Piceno,239,428
2015,IT_045,ITI11,MassaCarrara,372,233
2015,IT_046,ITI12,Lucca,812,531
2015,IT_047,ITI13,Pistoia,485,337
2015,IT_048,ITI14,Firenze,1969,1137
2015,IT_049,ITI16,Livorno,721,330
2015,IT_050,ITI17,Pisa,701,539
2015,IT_051,ITI18,Arezzo,600,506
2015,IT_052,ITI19,Siena,616,433
2015,IT_053,ITI1A,Grosseto,476,265
2015,IT_054,ITI21,Perugia,961,1047
2015,IT_055,ITI22,Terni,319,291
2015,IT_056,ITI41,Viterbo,585,532
2015,IT_057,ITI42,Rieti,185,223
2015,IT_058,ITI43,Roma,6811,5550
2015,IT_059,ITI44,Latina,723,1045
2015,IT_060,ITI45,Frosinone,481,989
2015,IT_061,ITF31,Caserta,855,2748
2015,IT_062,ITF32,Benevento,261,944
2015,IT_063,ITF33,Napoli,3687,8389
2015,IT_064,ITF34,Avellino,317,1278
2015,IT_065,ITF35,Salerno,1394,3676
2015,IT_066,ITF11,LAquila,302,567
2015,IT_067,ITF12,Teramo,302,591
2015,IT_068,ITF13,Pescara,408,566
2015,IT_069,ITF14,Chieti,392,743
2015,IT_070,ITF22,Campobasso,187,416
2015,IT_071,ITF46,Foggia,451,1726
2015,IT_072,ITF47,Bari,1247,3294
2015,IT_073,ITF43,Taranto,487,1438
2015,IT_074,ITF44,Brindisi,411,920
2015,IT_075,ITF45,Lecce,813,1953
2015,IT_076,ITF51,Potenza,202,1088
2015,IT_077,ITF52,Matera,138,635
2015,IT_078,ITF61,Cosenza,538,2262
2015,IT_079,ITF63,Catanzaro,342,1145
2015,IT_080,ITF65,Reggio di Calabria,437,1937
2015,IT_081,ITG11,Trapani,441,1388
2015,IT_082,ITG12,Palermo,1673,3821
2015,IT_083,ITG13,Messina,819,1838
2015,IT_084,ITG14,Agrigento,358,1506
2015,IT_085,ITG15,Caltanissetta,180,592
2015,IT_086,ITG16,Enna,153,509
2015,IT_087,ITG17,Catania,1551,2916
2015,IT_088,ITG18,Ragusa,372,925
2015,IT_089,ITG19,Siracusa,591,1005
2015,IT_090,ITG2D,Sassari,725,836
2015,IT_091,ITG2E,Nuoro,220,360
2015,IT_092,ITG2F,Cagliari,707,642
2015,IT_093,ITH41,Pordenone,476,363
2015,IT_094,ITF21,Isernia,60,191
2015,IT_095,ITG2G,Oristano,204,223
2015,IT_096,ITC13,Biella,317,194
2015,IT_097,ITC43,Lecco,494,562
2015,IT_098,ITC49,Lodi,303,226
2015,IT_099,ITH59,Rimini,569,453
2015,IT_100,ITI15,Prato,395,299
2015,IT_101,ITF62,Crotone,130,650
2015,IT_102,ITF64,Vibo Valentia,102,606
2015,IT_103,ITC14,VerbanoCusioOssola,374,272
2015,IT_108,ITC4D,Monza e della Brianza,1219,1063
2015,IT_109,ITI35,Fermo,169,350
2015,IT_110,ITF48,BarlettaAndriaTrani,379,1098
2015,IT_111,ITG2H,Sud Sardegna,434,529
2016,IT_001,ITC11,Torino,3935,2460
2016,IT_002,ITC12,Vercelli,309,201
2016,IT_003,ITC15,Novara,771,490
2016,IT_004,ITC16,Cuneo,1074,959
2016,IT_005,ITC17,Asti,446,337
2016,IT_006,ITC18,Alessandria,899,549
2016,IT_007,ITC20,Valle dAosta,277,116
2016,IT_008,ITC31,Imperia,402,241
2016,IT_009,ITC32,Savona,648,387
2016,IT_010,ITC33,Genova,1618,899
2016,IT_011,ITC34,La Spezia,531,306
2016,IT_012,ITC41,Varese,1644,1210
2016,IT_013,ITC42,Como,1279,796
2016,IT_014,ITC44,Sondrio,261,275
2016,IT_015,ITC4C,Milano,4964,2584
2016,IT_016,ITC46,Bergamo,1834,1503
2016,IT_017,ITC47,Brescia,2117,1744
2016,IT_018,ITC48,Pavia,1026,648
2016,IT_019,ITC4A,Cremona,667,488
2016,IT_020,ITC4B,Mantova,724,472
2016,IT_021,ITH10,Bolzano,1470,665
2016,IT_022,ITH20,Trento,958,649
2016,IT_023,ITH31,Verona,2026,1538
2016,IT_024,ITH32,Vicenza,1253,1197
2016,IT_025,ITH33,Belluno,293,211
2016,IT_026,ITH34,Treviso,1345,1213
2016,IT_027,ITH35,Venezia,1876,1072
2016,IT_028,ITH36,Padova,1337,1240
2016,IT_029,ITH37,Rovigo,336,260
2016,IT_030,ITH42,Udine,953,595
2016,IT_031,ITH43,Gorizia,271,158
2016,IT_032,ITH44,Trieste,538,190
2016,IT_033,ITH51,Piacenza,543,389
2016,IT_034,ITH52,Parma,809,502
2016,IT_035,ITH53,Reggio nellEmilia,932,508
2016,IT_036,ITH54,Modena,1106,837
2016,IT_037,ITH55,Bologna,2009,896
2016,IT_038,ITH56,Ferrara,659,331
2016,IT_039,ITH57,Ravenna,729,487
2016,IT_040,ITH58,ForliCesena,640,457
2016,IT_041,ITI31,Pesaro e Urbino,522,456
2016,IT_042,ITI32,Ancona,622,642
2016,IT_043,ITI33,Macerata,381,608
2016,IT_044,ITI34,Ascoli Piceno,259,441
2016,IT_045,ITI11,MassaCarrara,372,262
2016,IT_046,ITI12,Lucca,886,493
2016,IT_047,ITI13,Pistoia,495,346
2016,IT_048,ITI14,Firenze,2016,1250
2016,IT_049,ITI16,Livorno,839,293
2016,IT_050,ITI17,Pisa,885,572
2016,IT_051,ITI18,Arezzo,671,500
2016,IT_052,ITI19,Siena,669,394
2016,IT_053,ITI1A,Grosseto,534,251
2016,IT_054,ITI21,Perugia,938,1098
2016,IT_055,ITI22,Terni,325,315
2016,IT_056,ITI41,Viterbo,585,467
2016,IT_057,ITI42,Rieti,260,236
2016,IT_058,ITI43,Roma,7402,5449
2016,IT_059,ITI44,Latina,747,968
2016,IT_060,ITI45,Frosinone,565,956
2016,IT_061,ITF31,Caserta,977,2749
2016,IT_062,ITF32,Benevento,254,1034
2016,IT_063,ITF33,Napoli,4271,9133
2016,IT_064,ITF34,Avellino,358,1341
2016,IT_065,ITF35,Salerno,1518,3771
2016,IT_066,ITF11,LAquila,412,547
2016,IT_067,ITF12,Teramo,355,616
2016,IT_068,ITF13,Pescara,475,508
2016,IT_069,ITF14,Chieti,458,766
2016,IT_070,ITF22,Campobasso,239,503
2016,IT_071,ITF46,Foggia,484,1853
2016,IT_072,ITF47,Bari,1528,3451
2016,IT_073,ITF43,Taranto,607,1388
2016,IT_074,ITF44,Brindisi,437,990
2016,IT_075,ITF45,Lecce,996,2087
2016,IT_076,ITF51,Potenza,225,1145
2016,IT_077,ITF52,Matera,170,651
2016,IT_078,ITF61,Cosenza,612,2346
2016,IT_079,ITF63,Catanzaro,356,1091
2016,IT_080,ITF65,Reggio di Calabria,724,1933
2016,IT_081,ITG11,Trapani,416,1470
2016,IT_082,ITG12,Palermo,1722,3819
2016,IT_083,ITG13,Messina,825,1855
2016,IT_084,ITG14,Agrigento,386,1643
2016,IT_085,ITG15,Caltanissetta,216,585
2016,IT_086,ITG16,Enna,148,540
2016,IT_087,ITG17,Catania,1702,3044
2016,IT_088,ITG18,Ragusa,368,962
2016,IT_089,ITG19,Siracusa,568,919
2016,IT_090,ITG2D,Sassari,810,777
2016,IT_091,ITG2E,Nuoro,231,413
2016,IT_092,ITG2F,Cagliari,784,614
2016,IT_093,ITH41,Pordenone,512,352
2016,IT_094,ITF21,Isernia,94,226
2016,IT_095,ITG2G,Oristano,254,250
2016,IT_096,ITC13,Biella,339,190
2016,IT_097,ITC43,Lecco,636,578
2016,IT_098,ITC49,Lodi,332,282
2016,IT_099,ITH59,Rimini,648,417
2016,IT_100,ITI15,Prato,415,270
2016,IT_101,ITF62,Crotone,153,640
2016,IT_102,ITF64,Vibo Valentia,158,702
2016,IT_103,ITC14,VerbanoCusioOssola,379,298
2016,IT_108,ITC4D,Monza e della Brianza,1241,1073
2016,IT_109,ITI35,Fermo,197,331
2016,IT_110,ITF48,BarlettaAndriaTrani,383,1148
2016,IT_111,ITG2H,Sud Sardegna,530,515
2017,IT_001,ITC11,Torino,3830,2117
2017,IT_002,ITC12,Vercelli,349,177
2017,IT_003,ITC15,Novara,714,428
2017,IT_004,ITC16,Cuneo,1011,859
2017,IT_005,ITC17,Asti,511,291
2017,IT_006,ITC18,Alessandria,861,435
2017,IT_007,ITC20,Valle dAosta,249,100
2017,IT_008,ITC31,Imperia,469,220
2017,IT_009,ITC32,Savona,673,313
2017,IT_010,ITC33,Genova,1710,853
2017,IT_011,ITC34,La Spezia,459,280
2017,IT_012,ITC41,Varese,1578,1034
2017,IT_013,ITC42,Como,1141,732
2017,IT_014,ITC44,Sondrio,278,249
2017,IT_015,ITC4C,Milano,5033,2224
2017,IT_016,ITC46,Bergamo,1773,1385
2017,IT_017,ITC47,Brescia,2040,1452
2017,IT_018,ITC48,Pavia,1110,537
2017,IT_019,ITC4A,Cremona,570,368
2017,IT_020,ITC4B,Mantova,708,404
2017,IT_021,ITH10,Bolzano,1462,701
2017,IT_022,ITH20,Trento,949,521
2017,IT_023,ITH31,Verona,2117,1301
2017,IT_024,ITH32,Vicenza,1226,1086
2017,IT_025,ITH33,Belluno,312,192
2017,IT_026,ITH34,Treviso,1384,1020
2017,IT_027,ITH35,Venezia,1796,844
2017,IT_028,ITH36,Padova,1341,1073
2017,IT_029,ITH37,Rovigo,335,243
2017,IT_030,ITH42,Udine,882,522
2017,IT_031,ITH43,Gorizia,264,129
2017,IT_032,ITH44,Trieste,517,188
2017,IT_033,ITH51,Piacenza,513,368
2017,IT_034,ITH52,Parma,788,441
2017,IT_035,ITH53,Reggio nellEmilia,937,519
2017,IT_036,ITH54,Modena,1200,644
2017,IT_037,ITH55,Bologna,1881,829
2017,IT_038,ITH56,Ferrara,691,269
2017,IT_039,ITH57,Ravenna,758,326
2017,IT_040,ITH58,ForliCesena,589,386
2017,IT_041,ITI31,Pesaro e Urbino,542,443
2017,IT_042,ITI32,Ancona,631,545
2017,IT_043,ITI33,Macerata,333,477
2017,IT_044,ITI34,Ascoli Piceno,269,358
2017,IT_045,ITI11,MassaCarrara,343,213
2017,IT_046,ITI12,Lucca,893,422
2017,IT_047,ITI13,Pistoia,501,312
2017,IT_048,ITI14,Firenze,1974,1069
2017,IT_049,ITI16,Livorno,858,280
2017,IT_050,ITI17,Pisa,782,494
2017,IT_051,ITI18,Arezzo,645,490
2017,IT_052,ITI19,Siena,734,410
2017,IT_053,ITI1A,Grosseto,521,215
2017,IT_054,ITI21,Perugia,957,966
2017,IT_055,ITI22,Terni,349,257
2017,IT_056,ITI41,Viterbo,609,462
2017,IT_057,ITI42,Rieti,256,219
2017,IT_058,ITI43,Roma,7562,5044
2017,IT_059,ITI44,Latina,873,959
2017,IT_060,ITI45,Frosinone,600,894
2017,IT_061,ITF31,Caserta,962,2594
2017,IT_062,ITF32,Benevento,257,867
2017,IT_063,ITF33,Napoli,4280,7914
2017,IT_064,ITF34,Avellino,330,1140
2017,IT_065,ITF35,Salerno,1446,3390
2017,IT_066,ITF11,LAquila,390,489
2017,IT_067,ITF12,Teramo,324,474
2017,IT_068,ITF13,Pescara,404,510
2017,IT_069,ITF14,Chieti,500,675
2017,IT_070,ITF22,Campobasso,206,458
2017,IT_071,ITF46,Foggia,546,1677
2017,IT_072,ITF47,Bari,1554,3329
2017,IT_073,ITF43,Taranto,565,1269
2017,IT_074,ITF44,Brindisi,523,961
2017,IT_075,ITF45,Lecce,1007,1967
2017,IT_076,ITF51,Potenza,243,1084
2017,IT_077,ITF52,Matera,163,567
2017,IT_078,ITF61,Cosenza,595,1971
2017,IT_079,ITF63,Catanzaro,333,991
2017,IT_080,ITF65,Reggio di Calabria,532,1775
2017,IT_081,ITG11,Trapani,421,1161
2017,IT_082,ITG12,Palermo,1742,3680
2017,IT_083,ITG13,Messina,810,1693
2017,IT_084,ITG14,Agrigento,483,1440
2017,IT_085,ITG15,Caltanissetta,244,615
2017,IT_086,ITG16,Enna,182,497
2017,IT_087,ITG17,Catania,1602,2823
2017,IT_088,ITG18,Ragusa,388,851
2017,IT_089,ITG19,Siracusa,641,885
2017,IT_090,ITG2D,Sassari,780,729
2017,IT_091,ITG2E,Nuoro,236,375
2017,IT_092,ITG2F,Cagliari,707,566
2017,IT_093,ITH41,Pordenone,493,325
2017,IT_094,ITF21,Isernia,84,185
2017,IT_095,ITG2G,Oristano,226,225
2017,IT_096,ITC13,Biella,349,182
2017,IT_097,ITC43,Lecco,648,569
2017,IT_098,ITC49,Lodi,324,238
2017,IT_099,ITH59,Rimini,565,360
2017,IT_100,ITI15,Prato,395,221
2017,IT_101,ITF62,Crotone,124,563
2017,IT_102,ITF64,Vibo Valentia,134,605
2017,IT_103,ITC14,VerbanoCusioOssola,404,283
2017,IT_108,ITC4D,Monza e della Brianza,1215,837
2017,IT_109,ITI35,Fermo,210,246
2017,IT_110,ITF48,BarlettaAndriaTrani,403,1251
2017,IT_111,ITG2H,Sud Sardegna,504,476
2018,IT_001,ITC11,Torino,3924,2072
2018,IT_002,ITC12,Vercelli,345,146
2018,IT_003,ITC15,Novara,764,409
2018,IT_004,ITC16,Cuneo,1076,907
2018,IT_005,ITC17,Asti,515,292
2018,IT_006,ITC18,Alessandria,875,433
2018,IT_007,ITC20,Valle dAosta,290,138
2018,IT_008,ITC31,Imperia,469,217
2018,IT_009,ITC32,Savona,671,282
2018,IT_010,ITC33,Genova,1717,863
2018,IT_011,ITC34,La Spezia,521,294
2018,IT_012,ITC41,Varese,1697,1009
2018,IT_013,ITC42,Como,1214,767
2018,IT_014,ITC44,Sondrio,324,244
2018,IT_015,ITC4C,Milano,5245,2233
2018,IT_016,ITC46,Bergamo,1778,1347
2018,IT_017,ITC47,Brescia,2205,1470
2018,IT_018,ITC48,Pavia,1125,535
2018,IT_019,ITC4A,Cremona,629,403
2018,IT_020,ITC4B,Mantova,719,423
2018,IT_021,ITH10,Bolzano,1601,746
2018,IT_022,ITH20,Trento,954,558
2018,IT_023,ITH31,Verona,2173,1357
2018,IT_024,ITH32,Vicenza,1300,1068
2018,IT_025,ITH33,Belluno,354,210
2018,IT_026,ITH34,Treviso,1492,1031
2018,IT_027,ITH35,Venezia,1828,878
2018,IT_028,ITH36,Padova,1335,1124
2018,IT_029,ITH37,Rovigo,358,261
2018,IT_030,ITH42,Udine,925,471
2018,IT_031,ITH43,Gorizia,286,127
2018,IT_032,ITH44,Trieste,545,193
2018,IT_033,ITH51,Piacenza,513,321
2018,IT_034,ITH52,Parma,752,416
2018,IT_035,ITH53,Reggio nellEmilia,1006,492
2018,IT_036,ITH54,Modena,1214,620
2018,IT_037,ITH55,Bologna,2058,750
2018,IT_038,ITH56,Ferrara,741,273
2018,IT_039,ITH57,Ravenna,809,349
2018,IT_040,ITH58,ForliCesena,647,396
2018,IT_041,ITI31,Pesaro e Urbino,558,446
2018,IT_042,ITI32,Ancona,652,529
2018,IT_043,ITI33,Macerata,447,515
2018,IT_044,ITI34,Ascoli Piceno,287,382
2018,IT_045,ITI11,MassaCarrara,372,235
2018,IT_046,ITI12,Lucca,925,411
2018,IT_047,ITI13,Pistoia,513,279
2018,IT_048,ITI14,Firenze,1961,964
2018,IT_049,ITI16,Livorno,825,256
2018,IT_050,ITI17,Pisa,879,466
2018,IT_051,ITI18,Arezzo,660,484
2018,IT_052,ITI19,Siena,760,381
2018,IT_053,ITI1A,Grosseto,527,208
2018,IT_054,ITI21,Perugia,1087,928
2018,IT_055,ITI22,Terni,334,254
2018,IT_056,ITI41,Viterbo,602,449
2018,IT_057,ITI42,Rieti,291,199
2018,IT_058,ITI43,Roma,7536,4854
2018,IT_059,ITI44,Latina,888,895
2018,IT_060,ITI45,Frosinone,564,889
2018,IT_061,ITF31,Caserta,1040,2882
2018,IT_062,ITF32,Benevento,250,737
2018,IT_063,ITF33,Napoli,4286,8013
2018,IT_064,ITF34,Avellino,372,1152
2018,IT_065,ITF35,Salerno,1437,3469
2018,IT_066,ITF11,LAquila,373,525
2018,IT_067,ITF12,Teramo,428,590
2018,IT_068,ITF13,Pescara,434,427
2018,IT_069,ITF14,Chieti,461,674
2018,IT_070,ITF22,Campobasso,213,480
2018,IT_071,ITF46,Foggia,572,1690
2018,IT_072,ITF47,Bari,1564,3430
2018,IT_073,ITF43,Taranto,641,1257
2018,IT_074,ITF44,Brindisi,546,946
2018,IT_075,ITF45,Lecce,1088,1967
2018,IT_076,ITF51,Potenza,273,1148
2018,IT_077,ITF52,Matera,165,556
2018,IT_078,ITF61,Cosenza,598,1975
2018,IT_079,ITF63,Catanzaro,321,889
2018,IT_080,ITF65,Reggio di Calabria,563,2003
2018,IT_081,ITG11,Trapani,504,1321
2018,IT_082,ITG12,Palermo,1723,3820
2018,IT_083,ITG13,Messina,837,1686
2018,IT_084,ITG14,Agrigento,400,1525
2018,IT_085,ITG15,Caltanissetta,306,739
2018,IT_086,ITG16,Enna,156,495
2018,IT_087,ITG17,Catania,1664,2961
2018,IT_088,ITG18,Ragusa,415,846
2018,IT_089,ITG19,Siracusa,669,933
2018,IT_090,ITG2D,Sassari,830,709
2018,IT_091,ITG2E,Nuoro,226,315
2018,IT_092,ITG2F,Cagliari,729,542
2018,IT_093,ITH41,Pordenone,484,335
2018,IT_094,ITF21,Isernia,75,213
2018,IT_095,ITG2G,Oristano,239,217
2018,IT_096,ITC13,Biella,383,170
2018,IT_097,ITC43,Lecco,670,549
2018,IT_098,ITC49,Lodi,336,222
2018,IT_099,ITH59,Rimini,604,402
2018,IT_100,ITI15,Prato,411,220
2018,IT_101,ITF62,Crotone,143,630
2018,IT_102,ITF64,Vibo Valentia,151,640
2018,IT_103,ITC14,VerbanoCusioOssola,379,284
2018,IT_108,ITC4D,Monza e della Brianza,1389,810
2018,IT_109,ITI35,Fermo,214,263
2018,IT_110,ITF48,BarlettaAndriaTrani,426,1340
2018,IT_111,ITG2H,Sud Sardegna,532,450
2019,IT_001,ITC11,Torino,3855,1818
2019,IT_002,ITC12,Vercelli,301,159
2019,IT_003,ITC15,Novara,781,350
2019,IT_004,ITC16,Cuneo,1126,778
2019,IT_005,ITC17,Asti,502,276
2019,IT_006,ITC18,Alessandria,866,423
2019,IT_007,ITC20,Valle dAosta,290,131
2019,IT_008,ITC31,Imperia,465,165
2019,IT_009,ITC32,Savona,689,257
2019,IT_010,ITC33,Genova,1649,707
2019,IT_011,ITC34,La Spezia,489,241
2019,IT_012,ITC41,Varese,1628,856
2019,IT_013,ITC42,Como,1188,662
2019,IT_014,ITC44,Sondrio,301,215
2019,IT_015,ITC4C,Milano,5237,2021
2019,IT_016,ITC46,Bergamo,1896,1189
2019,IT_017,ITC47,Brescia,2195,1299
2019,IT_018,ITC48,Pavia,1142,445
2019,IT_019,ITC4A,Cremona,706,370
2019,IT_020,ITC4B,Mantova,724,314
2019,IT_021,ITH10,Bolzano,1641,600
2019,IT_022,ITH20,Trento,899,489
2019,IT_023,ITH31,Verona,1973,1181
2019,IT_024,ITH32,Vicenza,1269,871
2019,IT_025,ITH33,Belluno,308,173
2019,IT_026,ITH34,Treviso,1454,954
2019,IT_027,ITH35,Venezia,1716,760
2019,IT_028,ITH36,Padova,1372,1022
2019,IT_029,ITH37,Rovigo,366,245
2019,IT_030,ITH42,Udine,970,402
2019,IT_031,ITH43,Gorizia,292,121
2019,IT_032,ITH44,Trieste,527,149
2019,IT_033,ITH51,Piacenza,587,338
2019,IT_034,ITH52,Parma,774,357
2019,IT_035,ITH53,Reggio nellEmilia,985,434
2019,IT_036,ITH54,Modena,1269,610
2019,IT_037,ITH55,Bologna,1989,709
2019,IT_038,ITH56,Ferrara,750,251
2019,IT_039,ITH57,Ravenna,807,306
2019,IT_040,ITH58,ForliCesena,635,332
2019,IT_041,ITI31,Pesaro e Urbino,576,384
2019,IT_042,ITI32,Ancona,637,457
2019,IT_043,ITI33,Macerata,411,422
2019,IT_044,ITI34,Ascoli Piceno,231,286
2019,IT_045,ITI11,MassaCarrara,341,228
2019,IT_046,ITI12,Lucca,893,341
2019,IT_047,ITI13,Pistoia,565,242
2019,IT_048,ITI14,Firenze,1969,838
2019,IT_049,ITI16,Livorno,853,234
2019,IT_050,ITI17,Pisa,801,448
2019,IT_051,ITI18,Arezzo,645,391
2019,IT_052,ITI19,Siena,702,385
2019,IT_053,ITI1A,Grosseto,529,203
2019,IT_054,ITI21,Perugia,1012,864
2019,IT_055,ITI22,Terni,389,231
2019,IT_056,ITI41,Viterbo,628,418
2019,IT_057,ITI42,Rieti,261,198
2019,IT_058,ITI43,Roma,7151,4223
2019,IT_059,ITI44,Latina,797,735
2019,IT_060,ITI45,Frosinone,599,788
2019,IT_061,ITF31,Caserta,1100,2640
2019,IT_062,ITF32,Benevento,293,802
2019,IT_063,ITF33,Napoli,4268,8169
2019,IT_064,ITF34,Avellino,342,1076
2019,IT_065,ITF35,Salerno,1375,2932
2019,IT_066,ITF11,LAquila,413,454
2019,IT_067,ITF12,Teramo,457,499
2019,IT_068,ITF13,Pescara,466,420
2019,IT_069,ITF14,Chieti,463,628
2019,IT_070,ITF22,Campobasso,200,396
2019,IT_071,ITF46,Foggia,518,1546
2019,IT_072,ITF47,Bari,1622,3004
2019,IT_073,ITF43,Taranto,601,1025
2019,IT_074,ITF44,Brindisi,562,840
2019,IT_075,ITF45,Lecce,1061,1755
2019,IT_076,ITF51,Potenza,269,982
2019,IT_077,ITF52,Matera,176,560
2019,IT_078,ITF61,Cosenza,609,1815
2019,IT_079,ITF63,Catanzaro,362,838
2019,IT_080,ITF65,Reggio di Calabria,456,1705
2019,IT_081,ITG11,Trapani,564,1194
2019,IT_082,ITG12,Palermo,1628,3380
2019,IT_083,ITG13,Messina,726,1560
2019,IT_084,ITG14,Agrigento,399,1337
2019,IT_085,ITG15,Caltanissetta,302,671
2019,IT_086,ITG16,Enna,159,401
2019,IT_087,ITG17,Catania,1523,2452
2019,IT_088,ITG18,Ragusa,423,810
2019,IT_089,ITG19,Siracusa,633,826
2019,IT_090,ITG2D,Sassari,782,613
2019,IT_091,ITG2E,Nuoro,225,324
2019,IT_092,ITG2F,Cagliari,706,458
2019,IT_093,ITH41,Pordenone,548,247
2019,IT_094,ITF21,Isernia,81,184
2019,IT_095,ITG2G,Oristano,207,195
2019,IT_096,ITC13,Biella,336,139
2019,IT_097,ITC43,Lecco,659,474
2019,IT_098,ITC49,Lodi,336,178
2019,IT_099,ITH59,Rimini,673,339
2019,IT_100,ITI15,Prato,428,175
2019,IT_101,ITF62,Crotone,149,550
2019,IT_102,ITF64,Vibo Valentia,117,576
2019,IT_103,ITC14,VerbanoCusioOssola,354,242
2019,IT_108,ITC4D,Monza e della Brianza,1373,732
2019,IT_109,ITI35,Fermo,231,262
2019,IT_110,ITF48,BarlettaAndriaTrani,434,1202
2019,IT_111,ITG2H,Sud Sardegna,567,392
2020,IT_001,ITC11,Torino,2746,601
2020,IT_002,ITC12,Vercelli,229,49
2020,IT_003,ITC15,Novara,525,131
2020,IT_004,ITC16,Cuneo,758,268
2020,IT_005,ITC17,Asti,343,76
2020,IT_006,ITC18,Alessandria,628,141
2020,IT_007,ITC20,Valle dAosta,197,43
2020,IT_008,ITC31,Imperia,300,60
2020,IT_009,ITC32,Savona,466,99
2020,IT_010,ITC33,Genova,1113,287
2020,IT_011,ITC34,La Spezia,357,79
2020,IT_012,ITC41,Varese,1097,317
2020,IT_013,ITC42,Como,776,241
2020,IT_014,ITC44,Sondrio,237,76
2020,IT_015,ITC4C,Milano,3273,742
2020,IT_016,ITC46,Bergamo,1267,408
2020,IT_017,ITC47,Brescia,1620,461
2020,IT_018,ITC48,Pavia,728,137
2020,IT_019,ITC4A,Cremona,440,128
2020,IT_020,ITC4B,Mantova,472,124
2020,IT_021,ITH10,Bolzano,1372,314
2020,IT_022,ITH20,Trento,709,193
2020,IT_023,ITH31,Verona,1242,505
2020,IT_024,ITH32,Vicenza,926,414
2020,IT_025,ITH33,Belluno,257,75
2020,IT_026,ITH34,Treviso,1039,471
2020,IT_027,ITH35,Venezia,1166,359
2020,IT_028,ITH36,Padova,1080,420
2020,IT_029,ITH37,Rovigo,259,81
2020,IT_030,ITH42,Udine,677,167
2020,IT_031,ITH43,Gorizia,201,37
2020,IT_032,ITH44,Trieste,373,79
2020,IT_033,ITH51,Piacenza,396,124
2020,IT_034,ITH52,Parma,606,101
2020,IT_035,ITH53,Reggio nellEmilia,719,166
2020,IT_036,ITH54,Modena,885,244
2020,IT_037,ITH55,Bologna,1477,278
2020,IT_038,ITH56,Ferrara,459,97
2020,IT_039,ITH57,Ravenna,585,143
2020,IT_040,ITH58,ForliCesena,478,172
2020,IT_041,ITI31,Pesaro e Urbino,352,97
2020,IT_042,ITI32,Ancona,438,147
2020,IT_043,ITI33,Macerata,273,155
2020,IT_044,ITI34,Ascoli Piceno,198,86
2020,IT_045,ITI11,MassaCarrara,248,53
2020,IT_046,ITI12,Lucca,506,134
2020,IT_047,ITI13,Pistoia,331,87
2020,IT_048,ITI14,Firenze,1320,285
2020,IT_049,ITI16,Livorno,552,81
2020,IT_050,ITI17,Pisa,506,169
2020,IT_051,ITI18,Arezzo,310,106
2020,IT_052,ITI19,Siena,393,80
2020,IT_053,ITI1A,Grosseto,333,65
2020,IT_054,ITI21,Perugia,682,250
2020,IT_055,ITI22,Terni,245,74
2020,IT_056,ITI41,Viterbo,470,110
2020,IT_057,ITI42,Rieti,157,69
2020,IT_058,ITI43,Roma,5100,1453
2020,IT_059,ITI44,Latina,653,186
2020,IT_060,ITI45,Frosinone,503,203
2020,IT_061,ITF31,Caserta,1047,813
2020,IT_062,ITF32,Benevento,268,196
2020,IT_063,ITF33,Napoli,3479,2097
2020,IT_064,ITF34,Avellino,301,208
2020,IT_065,ITF35,Salerno,937,782
2020,IT_066,ITF11,LAquila,313,75
2020,IT_067,ITF12,Teramo,303,104
2020,IT_068,ITF13,Pescara,303,113
2020,IT_069,ITF14,Chieti,393,133
2020,IT_070,ITF22,Campobasso,192,79
2020,IT_071,ITF46,Foggia,479,352
2020,IT_072,ITF47,Bari,1164,610
2020,IT_073,ITF43,Taranto,459,280
2020,IT_074,ITF44,Brindisi,371,181
2020,IT_075,ITF45,Lecce,683,527
2020,IT_076,ITF51,Potenza,192,130
2020,IT_077,ITF52,Matera,155,101
2020,IT_078,ITF61,Cosenza,494,389
2020,IT_079,ITF63,Catanzaro,278,254
2020,IT_080,ITF65,Reggio di Calabria,394,710
2020,IT_081,ITG11,Trapani,320,417
2020,IT_082,ITG12,Palermo,1190,1302
2020,IT_083,ITG13,Messina,546,610
2020,IT_084,ITG14,Agrigento,353,563
2020,IT_085,ITG15,Caltanissetta,271,219
2020,IT_086,ITG16,Enna,139,178
2020,IT_087,ITG17,Catania,1097,959
2020,IT_088,ITG18,Ragusa,309,324
2020,IT_089,ITG19,Siracusa,481,389
2020,IT_090,ITG2D,Sassari,626,136
2020,IT_091,ITG2E,Nuoro,197,36
2020,IT_092,ITG2F,Cagliari,487,183
2020,IT_093,ITH41,Pordenone,407,96
2020,IT_094,ITF21,Isernia,76,26
2020,IT_095,ITG2G,Oristano,172,30
2020,IT_096,ITC13,Biella,267,58
2020,IT_097,ITC43,Lecco,436,189
2020,IT_098,ITC49,Lodi,229,59
2020,IT_099,ITH59,Rimini,434,147
2020,IT_100,ITI15,Prato,257,78
2020,IT_101,ITF62,Crotone,118,123
2020,IT_102,ITF64,Vibo Valentia,98,146
2020,IT_103,ITC14,VerbanoCusioOssola,225,46
2020,IT_108,ITC4D,Monza e della Brianza,965,301
2020,IT_109,ITI35,Fermo,146,67
2020,IT_110,ITF48,BarlettaAndriaTrani,373,268
2020,IT_111,ITG2H,Sud Sardegna,376,111
2021,IT_001,ITC11,Torino,3670,1574
2021,IT_002,ITC12,Vercelli,363,127
2021,IT_003,ITC15,Novara,750,353
2021,IT_004,ITC16,Cuneo,1110,765
2021,IT_005,ITC17,Asti,528,249
2021,IT_006,ITC18,Alessandria,943,391
2021,IT_007,ITC20,Valle dAosta,294,95
2021,IT_008,ITC31,Imperia,445,149
2021,IT_009,ITC32,Savona,706,209
2021,IT_010,ITC33,Genova,1671,667
2021,IT_011,ITC34,La Spezia,497,220
2021,IT_012,ITC41,Varese,1589,765
2021,IT_013,ITC42,Como,1237,578
2021,IT_014,ITC44,Sondrio,294,181
2021,IT_015,ITC4C,Milano,4745,1753
2021,IT_016,ITC46,Bergamo,1930,1228
2021,IT_017,ITC47,Brescia,2309,1233
2021,IT_018,ITC48,Pavia,1182,433
2021,IT_019,ITC4A,Cremona,625,319
2021,IT_020,ITC4B,Mantova,804,259
2021,IT_021,ITH10,Bolzano,1585,498
2021,IT_022,ITH20,Trento,890,423
2021,IT_023,ITH31,Verona,1800,1053
2021,IT_024,ITH32,Vicenza,1291,857
2021,IT_025,ITH33,Belluno,315,146
2021,IT_026,ITH34,Treviso,1506,797
2021,IT_027,ITH35,Venezia,1755,637
2021,IT_028,ITH36,Padova,1459,877
2021,IT_029,ITH37,Rovigo,367,177
2021,IT_030,ITH42,Udine,923,376
2021,IT_031,ITH43,Gorizia,273,104
2021,IT_032,ITH44,Trieste,439,150
2021,IT_033,ITH51,Piacenza,578,306
2021,IT_034,ITH52,Parma,831,338
2021,IT_035,ITH53,Reggio nellEmilia,1001,428
2021,IT_036,ITH54,Modena,1215,509
2021,IT_037,ITH55,Bologna,1876,654
2021,IT_038,ITH56,Ferrara,698,206
2021,IT_039,ITH57,Ravenna,825,289
2021,IT_040,ITH58,ForliCesena,668,375
2021,IT_041,ITI31,Pesaro e Urbino,523,344
2021,IT_042,ITI32,Ancona,667,441
2021,IT_043,ITI33,Macerata,399,456
2021,IT_044,ITI34,Ascoli Piceno,302,289
2021,IT_045,ITI11,MassaCarrara,387,157
2021,IT_046,ITI12,Lucca,886,332
2021,IT_047,ITI13,Pistoia,538,220
2021,IT_048,ITI14,Firenze,1858,814
2021,IT_049,ITI16,Livorno,838,211
2021,IT_050,ITI17,Pisa,795,395
2021,IT_051,ITI18,Arezzo,593,297
2021,IT_052,ITI19,Siena,625,305
2021,IT_053,ITI1A,Grosseto,519,175
2021,IT_054,ITI21,Perugia,969,581
2021,IT_055,ITI22,Terni,343,209
2021,IT_056,ITI41,Viterbo,666,382
2021,IT_057,ITI42,Rieti,323,183
2021,IT_058,ITI43,Roma,6897,3002
2021,IT_059,ITI44,Latina,988,747
2021,IT_060,ITI45,Frosinone,653,683
2021,IT_061,ITF31,Caserta,1404,2664
2021,IT_062,ITF32,Benevento,344,641
2021,IT_063,ITF33,Napoli,4478,7842
2021,IT_064,ITF34,Avellino,450,989
2021,IT_065,ITF35,Salerno,1361,2927
2021,IT_066,ITF11,LAquila,399,374
2021,IT_067,ITF12,Teramo,423,430
2021,IT_068,ITF13,Pescara,433,410
2021,IT_069,ITF14,Chieti,557,507
2021,IT_070,ITF22,Campobasso,274,350
2021,IT_071,ITF46,Foggia,660,1488
2021,IT_072,ITF47,Bari,1796,2968
2021,IT_073,ITF43,Taranto,701,1093
2021,IT_074,ITF44,Brindisi,629,863
2021,IT_075,ITF45,Lecce,1152,1776
2021,IT_076,ITF51,Potenza,279,899
2021,IT_077,ITF52,Matera,186,597
2021,IT_078,ITF61,Cosenza,669,1758
2021,IT_079,ITF63,Catanzaro,397,928
2021,IT_080,ITF65,Reggio di Calabria,536,2047
2021,IT_081,ITG11,Trapani,560,1332
2021,IT_082,ITG12,Palermo,1660,3676
2021,IT_083,ITG13,Messina,740,1570
2021,IT_084,ITG14,Agrigento,495,1738
2021,IT_085,ITG15,Caltanissetta,301,769
2021,IT_086,ITG16,Enna,179,442
2021,IT_087,ITG17,Catania,1521,2728
2021,IT_088,ITG18,Ragusa,391,689
2021,IT_089,ITG19,Siracusa,615,788
2021,IT_090,ITG2D,Sassari,810,361
2021,IT_091,ITG2E,Nuoro,264,136
2021,IT_092,ITG2F,Cagliari,705,413
2021,IT_093,ITH41,Pordenone,535,235
2021,IT_094,ITF21,Isernia,77,161
2021,IT_095,ITG2G,Oristano,202,113
2021,IT_096,ITC13,Biella,375,130
2021,IT_097,ITC43,Lecco,667,505
2021,IT_098,ITC49,Lodi,369,164
2021,IT_099,ITH59,Rimini,566,314
2021,IT_100,ITI15,Prato,371,194
2021,IT_101,ITF62,Crotone,129,631
2021,IT_102,ITF64,Vibo Valentia,119,670
2021,IT_103,ITC14,VerbanoCusioOssola,394,200
2021,IT_108,ITC4D,Monza e della Brianza,1444,706
2021,IT_109,ITI35,Fermo,195,203
2021,IT_110,ITF48,BarlettaAndriaTrani,502,1229
2021,IT_111,ITG2H,Sud Sardegna,473,254
2022,IT_001,ITC11,Torino,4172,1608
2022,IT_002,ITC12,Vercelli,380,132
2022,IT_003,ITC15,Novara,761,330
2022,IT_004,ITC16,Cuneo,1223,776
2022,IT_005,ITC17,Asti,605,240
2022,IT_006,ITC18,Alessandria,1007,446
2022,IT_007,ITC20,Valle dAosta,298,123
2022,IT_008,ITC31,Imperia,474,167
2022,IT_009,ITC32,Savona,727,266
2022,IT_010,ITC33,Genova,1744,735
2022,IT_011,ITC34,La Spezia,532,223
2022,IT_012,ITC41,Varese,1856,779
2022,IT_013,ITC42,Como,1485,641
2022,IT_014,ITC44,Sondrio,305,215
2022,IT_015,ITC4C,Milano,5342,1736
2022,IT_016,ITC46,Bergamo,2336,1196
2022,IT_017,ITC47,Brescia,2715,1333
2022,IT_018,ITC48,Pavia,1259,399
2022,IT_019,ITC4A,Cremona,754,292
2022,IT_020,ITC4B,Mantova,850,343
2022,IT_021,ITH10,Bolzano,1735,590
2022,IT_022,ITH20,Trento,1081,468
2022,IT_023,ITH31,Verona,2183,1030
2022,IT_024,ITH32,Vicenza,1487,852
2022,IT_025,ITH33,Belluno,371,204
2022,IT_026,ITH34,Treviso,1682,845
2022,IT_027,ITH35,Venezia,1949,717
2022,IT_028,ITH36,Padova,1625,938
2022,IT_029,ITH37,Rovigo,416,214
2022,IT_030,ITH42,Udine,973,394
2022,IT_031,ITH43,Gorizia,319,113
2022,IT_032,ITH44,Trieste,570,167
2022,IT_033,ITH51,Piacenza,701,311
2022,IT_034,ITH52,Parma,907,369
2022,IT_035,ITH53,Reggio nellEmilia,1065,396
2022,IT_036,ITH54,Modena,1456,607
2022,IT_037,ITH55,Bologna,2289,700
2022,IT_038,ITH56,Ferrara,746,201
2022,IT_039,ITH57,Ravenna,894,282
2022,IT_040,ITH58,ForliCesena,833,354
2022,IT_041,ITI31,Pesaro e Urbino,656,352
2022,IT_042,ITI32,Ancona,734,481
2022,IT_043,ITI33,Macerata,490,484
2022,IT_044,ITI34,Ascoli Piceno,289,331
2022,IT_045,ITI11,MassaCarrara,352,145
2022,IT_046,ITI12,Lucca,920,364
2022,IT_047,ITI13,Pistoia,595,229
2022,IT_048,ITI14,Firenze,2161,937
2022,IT_049,ITI16,Livorno,850,223
2022,IT_050,ITI17,Pisa,889,451
2022,IT_051,ITI18,Arezzo,736,412
2022,IT_052,ITI19,Siena,830,375
2022,IT_053,ITI1A,Grosseto,575,209
2022,IT_054,ITI21,Perugia,1127,831
2022,IT_055,ITI22,Terni,408,221
2022,IT_056,ITI41,Viterbo,776,430
2022,IT_057,ITI42,Rieti,314,221
2022,IT_058,ITI43,Roma,8076,3468
2022,IT_059,ITI44,Latina,1063,791
2022,IT_060,ITI45,Frosinone,689,710
2022,IT_061,ITF31,Caserta,1110,2444
2022,IT_062,ITF32,Benevento,296,753
2022,IT_063,ITF33,Napoli,4168,7463
2022,IT_064,ITF34,Avellino,356,999
2022,IT_065,ITF35,Salerno,1505,2876
2022,IT_066,ITF11,LAquila,428,418
2022,IT_067,ITF12,Teramo,490,470
2022,IT_068,ITF13,Pescara,476,425
2022,IT_069,ITF14,Chieti,574,548
2022,IT_070,ITF22,Campobasso,252,363
2022,IT_071,ITF46,Foggia,571,1437
2022,IT_072,ITF47,Bari,1812,2898
2022,IT_073,ITF43,Taranto,680,1112
2022,IT_074,ITF44,Brindisi,699,819
2022,IT_075,ITF45,Lecce,1140,1627
2022,IT_076,ITF51,Potenza,240,927
2022,IT_077,ITF52,Matera,171,576
2022,IT_078,ITF61,Cosenza,583,1660
2022,IT_079,ITF63,Catanzaro,359,787
2022,IT_080,ITF65,Reggio di Calabria,538,1635
2022,IT_081,ITG11,Trapani,585,1151
2022,IT_082,ITG12,Palermo,1712,3140
2022,IT_083,ITG13,Messina,804,1396
2022,IT_084,ITG14,Agrigento,483,1318
2022,IT_085,ITG15,Caltanissetta,258,640
2022,IT_086,ITG16,Enna,175,361
2022,IT_087,ITG17,Catania,1552,2318
2022,IT_088,ITG18,Ragusa,439,680
2022,IT_089,ITG19,Siracusa,673,787
2022,IT_090,ITG2D,Sassari,851,645
2022,IT_091,ITG2E,Nuoro,257,281
2022,IT_092,ITG2F,Cagliari,698,391
2022,IT_093,ITH41,Pordenone,606,241
2022,IT_094,ITF21,Isernia,98,183
2022,IT_095,ITG2G,Oristano,198,162
2022,IT_096,ITC13,Biella,452,128
2022,IT_097,ITC43,Lecco,723,506
2022,IT_098,ITC49,Lodi,395,182
2022,IT_099,ITH59,Rimini,682,343
2022,IT_100,ITI15,Prato,448,238
2022,IT_101,ITF62,Crotone,141,521
2022,IT_102,ITF64,Vibo Valentia,167,557
2022,IT_103,ITC14,VerbanoCusioOssola,410,239
2022,IT_108,ITC4D,Monza e della Brianza,1562,746
2022,IT_109,ITI35,Fermo,247,226
2022,IT_110,ITF48,BarlettaAndriaTrani,477,1113
2022,IT_111,ITG2H,Sud Sardegna,511,324
2023,IT_001,ITC11,Torino,4326,1449
2023,IT_002,ITC12,Vercelli,373,131
2023,IT_003,ITC15,Novara,818,300
2023,IT_004,ITC16,Cuneo,1277,663
2023,IT_005,ITC17,Asti,647,237
2023,IT_006,ITC18,Alessandria,1028,379
2023,IT_007,ITC20,Valle dAosta,321,106
2023,IT_008,ITC31,Imperia,527,167
2023,IT_009,ITC32,Savona,729,230
2023,IT_010,ITC33,Genova,1926,634
2023,IT_011,ITC34,La Spezia,501,224
2023,IT_012,ITC41,Varese,1953,764
2023,IT_013,ITC42,Como,1472,538
2023,IT_014,ITC44,Sondrio,317,185
2023,IT_015,ITC4C,Milano,5706,1618
2023,IT_016,ITC46,Bergamo,2405,1086
2023,IT_017,ITC47,Brescia,2769,1247
2023,IT_018,ITC48,Pavia,1314,418
2023,IT_019,ITC4A,Cremona,742,349
2023,IT_020,ITC4B,Mantova,895,294
2023,IT_021,ITH10,Bolzano,1635,572
2023,IT_022,ITH20,Trento,1121,426
2023,IT_023,ITH31,Verona,2143,1004
2023,IT_024,ITH32,Vicenza,1576,745
2023,IT_025,ITH33,Belluno,396,169
2023,IT_026,ITH34,Treviso,1803,808
2023,IT_027,ITH35,Venezia,1783,631
2023,IT_028,ITH36,Padova,1774,883
2023,IT_029,ITH37,Rovigo,464,189
2023,IT_030,ITH42,Udine,999,360
2023,IT_031,ITH43,Gorizia,307,119
2023,IT_032,ITH44,Trieste,588,136
2023,IT_033,ITH51,Piacenza,690,270
2023,IT_034,ITH52,Parma,927,343
2023,IT_035,ITH53,Reggio nellEmilia,1196,386
2023,IT_036,ITH54,Modena,1439,539
2023,IT_037,ITH55,Bologna,2351,624
2023,IT_038,ITH56,Ferrara,825,186
2023,IT_039,ITH57,Ravenna,921,290
2023,IT_040,ITH58,ForliCesena,814,328
2023,IT_041,ITI31,Pesaro e Urbino,619,341
2023,IT_042,ITI32,Ancona,778,440
2023,IT_043,ITI33,Macerata,440,409
2023,IT_044,ITI34,Ascoli Piceno,326,293
2023,IT_045,ITI11,MassaCarrara,401,139
2023,IT_046,ITI12,Lucca,967,316
2023,IT_047,ITI13,Pistoia,670,201
2023,IT_048,ITI14,Firenze,2254,820
2023,IT_049,ITI16,Livorno,901,193
2023,IT_050,ITI17,Pisa,967,415
2023,IT_051,ITI18,Arezzo,731,366
2023,IT_052,ITI19,Siena,813,319
2023,IT_053,ITI1A,Grosseto,587,167
2023,IT_054,ITI21,Perugia,1197,689
2023,IT_055,ITI22,Terni,401,203
2023,IT_056,ITI41,Viterbo,772,415
2023,IT_057,ITI42,Rieti,394,188
2023,IT_058,ITI43,Roma,8260,3510
2023,IT_059,ITI44,Latina,908,692
2023,IT_060,ITI45,Frosinone,661,643
2023,IT_061,ITF31,Caserta,1127,2327
2023,IT_062,ITF32,Benevento,268,686
2023,IT_063,ITF33,Napoli,4046,6679
2023,IT_064,ITF34,Avellino,392,938
2023,IT_065,ITF35,Salerno,1383,2568
2023,IT_066,ITF11,LAquila,425,367
2023,IT_067,ITF12,Teramo,499,433
2023,IT_068,ITF13,Pescara,508,371
2023,IT_069,ITF14,Chieti,550,498
2023,IT_070,ITF22,Campobasso,240,330
2023,IT_071,ITF46,Foggia,537,1384
2023,IT_072,ITF47,Bari,1740,2477
2023,IT_073,ITF43,Taranto,703,1040
2023,IT_074,ITF44,Brindisi,652,743
2023,IT_075,ITF45,Lecce,1182,1503
2023,IT_076,ITF51,Potenza,271,791
2023,IT_077,ITF52,Matera,179,547
2023,IT_078,ITF61,Cosenza,612,1411
2023,IT_079,ITF63,Catanzaro,388,669
2023,IT_080,ITF65,Reggio di Calabria,558,1586
2023,IT_081,ITG11,Trapani,623,1150
2023,IT_082,ITG12,Palermo,1699,2974
2023,IT_083,ITG13,Messina,805,1310
2023,IT_084,ITG14,Agrigento,456,1282
2023,IT_085,ITG15,Caltanissetta,294,592
2023,IT_086,ITG16,Enna,168,350
2023,IT_087,ITG17,Catania,1509,2141
2023,IT_088,ITG18,Ragusa,495,616
2023,IT_089,ITG19,Siracusa,638,744
2023,IT_090,ITG2D,Sassari,794,552
2023,IT_091,ITG2E,Nuoro,247,258
2023,IT_092,ITG2F,Cagliari,707,391
2023,IT_093,ITH41,Pordenone,628,225
2023,IT_094,ITF21,Isernia,78,163
2023,IT_095,ITG2G,Oristano,200,146
2023,IT_096,ITC13,Biella,415,120
2023,IT_097,ITC43,Lecco,715,471
2023,IT_098,ITC49,Lodi,413,187
2023,IT_099,ITH59,Rimini,665,323
2023,IT_100,ITI15,Prato,441,188
2023,IT_101,ITF62,Crotone,140,439
2023,IT_102,ITF64,Vibo Valentia,142,525
2023,IT_103,ITC14,VerbanoCusioOssola,396,195
2023,IT_108,ITC4D,Monza e della Brianza,1579,647
2023,IT_109,ITI35,Fermo,228,221
2023,IT_110,ITF48,BarlettaAndriaTrani,440,1024
2023,IT_111,ITG2H,Sud Sardegna,530,289
